EyeBlink_L,EyeBlink_R,EyeSquint_L,EyeSquint_R,EyeDown_L,EyeDown_R,EyeIn_L,EyeIn_R,EyeOpen_L,EyeOpen_R,EyeOut_L,EyeOut_R,EyeUp_L,EyeUp_R,BrowsD_L,BrowsD_R,BrowsU_C,BrowsU_L,BrowsU_R,JawOpen,LipsTogether,JawLeft,JawRight,JawFwd,LipsUpperUp_L,LipsUpperUp_R,LipsLowerDown_L,LipsLowerDown_R,LipsUpperClose,LipsLowerClose,MouthSmile_L,MouthSmile_R,MouthDimple_L,MouthDimple_R,LipsStretch_L,LipsStretch_R,MouthFrown_L,MouthFrown_R,MouthPress_L,MouthPress_R,LipsPucker,LipsFunnel,MouthLeft,MouthRight,ChinLowerRaise,ChinUpperRaise,Sneer_L,Sneer_R,Puff,CheekSquint_L,
0.225063,0,0.540288,1.00505,0,0,0.500451,0,0,0.214859,0,0.485892,0.547828,0.548483,0,0,0,0.304258,0.444474,0.223072,0.223072,0,0.0664158,0.331149,0,0.00231507,0,0,0,0.0286745,0,0.00499039,0,0,0,0.000102227,0.00908816,0,0,0.0488815,0,0.302987,0,0.00515741,0.0105951,0.000594595,0.286075,0.0310778,0.166405,0.382056,
0.236444,0,0.516481,1.00481,0,0,0.50057,0,0,0.196681,0,0.486011,0.543701,0.544351,0,0,0,0.295313,0.446417,0.227069,0.227069,0,0.0889449,0.31757,0,0.00613313,0,0,0,0.0296759,0,0.0306969,0,0,0,0.00217997,0.0206444,0,0,0.0818329,0,0.239622,0,0.0352432,0.0404345,0.00157174,0.296528,0.00947641,0.160819,0.361426,
0.244896,0,0.501174,1.00471,0,0,0.499262,0,0,0.184861,0,0.4847,0.541425,0.542071,0,0,0,0.290569,0.443038,0.23895,0.23895,0,0.10356,0.299222,0,0.00228967,0,0,0,0.0236991,0,0.0948104,0,0,0,0.0104056,0.0285498,0,0,0.108156,0,0.22403,0,0.126333,0.0562191,0.000588073,0.310741,0.00631411,0.140263,0.329175,
0.247471,0,0.498801,1.00468,0,0,0.496742,0,0,0.180037,0,0.482173,0.54033,0.540971,0,0,0,0.28997,0.444972,0.251555,0.251555,0,0.114905,0.279107,0,0.000119938,0,0,0,0.0247643,0,0.170531,0,0,0,0.0236808,0.0302678,0,0,0.127404,0,0.242849,0,0.247694,0.0585483,3.08155e-05,0.312889,0.00257721,0.113795,0.292995,
0.245396,0,0.506772,1.00503,0,0,0.493715,0,0,0.168384,0,0.479139,0.539292,0.539928,0,0,0,0.291158,0.446228,0.266089,0.266089,0,0.130175,0.263036,0,0,0,0,0,0.0357814,0,0.2204,0,0,0,0.0356629,0.0311754,0,0,0.142608,0,0.272062,0,0.355488,0.0553397,0,0.311293,0.000265918,0.0922115,0.256801,
0.241681,0,0.520471,1.00515,0,0,0.490917,0,0,0.147599,0,0.476334,0.538368,0.538999,0,0,2.68224e-05,0.298002,0.448915,0.276209,0.276209,0,0.142516,0.250004,0,0,0,0,0,0.049985,0,0.244561,0,0,0,0.037364,0.0324191,0,0,0.153337,0,0.301213,0,0.422556,0.0466683,0,0.31791,7.97826e-06,0.0737447,0.224782,
0.243696,0,0.535901,1.00498,0,0,0.488459,0,0,0.131615,0,0.47387,0.537663,0.53829,0,0,0.000511867,0.300334,0.447029,0.274375,0.274375,0,0.151171,0.23955,0,0,0,0,0,0.057248,0,0.273662,0,0,0,0.0409794,0.0391648,0,0,0.16597,2.88105e-05,0.3125,0,0.478241,0.0305303,0,0.328747,0,0.0617866,0.197267,
0.247876,0,0.548033,1.00488,0,0,0.486425,0,0,0.120339,0,0.471831,0.53699,0.537614,0,0,0.00136802,0.295258,0.435698,0.272279,0.272279,0,0.157953,0.235137,0,0,0,0,0,0.0609712,0,0.314893,0,0,0,0.0534864,0.0497187,0,0,0.180324,0.000549808,0.317313,0,0.532958,0.0152699,0,0.333409,0,0.0528983,0.17315,
0.247748,0,0.559184,1.00478,0,0,0.484453,0,0,0.106997,0,0.469854,0.536709,0.53733,0,0,0.000511867,0.28843,0.427764,0.28015,0.28015,0,0.158486,0.236098,0,0,0,0,0,0.0714358,0,0.350674,0,0,0,0.0648346,0.0588382,0,2.76606e-05,0.191105,0.00146944,0.330296,0,0.558994,0.00731929,0,0.343541,0.000130924,0.0438137,0.152305,
0.242212,0,0.570704,1.00478,0,0,0.481318,0,0,0.0930181,0,0.46671,0.536724,0.537341,0,0,2.68224e-05,0.291209,0.427428,0.282262,0.282262,0,0.155284,0.23774,0,0,0,0,0,0.0790649,0,0.386575,0,0,0,0.0752695,0.0637435,0,0.000548253,0.19677,0.000549808,0.343644,0,0.562706,0.00180105,0,0.35032,0.00262854,0.036265,0.138964,
0.237262,0,0.58201,1.00479,0,0,0.478477,0,0,0.0840318,0,0.463863,0.537609,0.538223,0,0,0,0.29667,0.431642,0.278255,0.278255,0,0.150931,0.237632,0,0,0,0,0,0.0821739,0,0.42281,0,0,0,0.0842763,0.0680295,0,0.00179987,0.199403,2.88105e-05,0.353413,0,0.558241,8.74421e-05,0,0.341797,0.0092932,0.0330241,0.134429,
0.240015,0,0.593098,1.00488,0,0,0.476485,0,0,0.0801661,0,0.461865,0.538686,0.5393,0,0,0,0.30024,0.433169,0.280696,0.280696,0,0.14582,0.238909,0,0,0,0,0,0.0876532,0,0.450563,0,0,0,0.0864014,0.0720854,0,0.00161089,0.203611,0,0.363838,0,0.552396,0,0,0.332999,0.0116235,0.0333109,0.130499,
0.256825,0,0.605339,1.00483,0,0,0.475219,0,0,0.0808051,0,0.460596,0.539896,0.540509,0,0,0,0.299661,0.430765,0.286255,0.286192,0,0.140502,0.241706,0,0,0,0.000188172,0,0.0945471,0,0.470889,0,0,0,0.0854423,0.0776055,0,0.00123993,0.204808,0,0.37636,0,0.544477,0,0,0.342263,0.00937252,0.0371771,0.114972,
0.280185,0,0.623154,1.0047,0,0,0.474599,0,0,0.085718,0,0.459974,0.54134,0.541954,0,0,0,0.292917,0.431036,0.282008,0.280796,0,0.133444,0.243463,0,0,0,0.00367031,0,0.0961933,0,0.491033,0,0,0,0.0879209,0.0849613,0,0.00222071,0.199944,0,0.386992,0,0.542857,0,0,0.350378,0.00265859,0.0469645,0.096604,
0.289109,0,0.646143,1.00482,0,0,0.474207,0,0,0.089009,0,0.45958,0.543431,0.544046,0,0,6.12414e-06,0.285922,0.439784,0.26748,0.264119,0,0.122855,0.241275,0,0,0,0.0111046,0,0.0921886,0,0.510785,0,0,0,0.0967625,0.0957855,0,0.000980261,0.189641,0,0.393663,0,0.550321,0,0,0.354568,0.000132497,0.0607045,0.0808706,
0.291579,0,0.668542,1.00486,0,0,0.472806,0,0,0.0870677,0,0.458175,0.54533,0.545946,0,0,0.000116868,0.283377,0.447884,0.261644,0.260398,0,0.110553,0.234644,0,0,0,0.00756979,0,0.0931402,0,0.522312,0,0,0,0.103997,0.103591,0,0.00304674,0.173277,0,0.40357,0,0.552995,0,0,0.358193,0,0.064549,0.0747547,
0.296108,0,0.68995,1.00487,0,0,0.472592,0,0,0.0851233,0,0.45796,0.546622,0.547239,0,0,0.000382923,0.292208,0.451052,0.261425,0.26136,0,0.100809,0.225778,0,0,0,0.00335418,0,0.0913426,0,0.535944,0,0,0,0.11449,0.109436,0,0.00812185,0.156047,1.64871e-05,0.413734,0,0.552319,0.000163024,0,0.361288,0,0.0576238,0.0711578,
0.298189,0,0.709095,1.00503,0,0,0.473949,0,0,0.0847826,0,0.45932,0.548304,0.548925,0,0,0.00149838,0.3003,0.447737,0.258172,0.258172,0,0.0911131,0.217638,0,0,0,0.00466853,0,0.0875381,0,0.555833,0,0,0,0.128701,0.11485,0,0.00336546,0.147191,0.000314628,0.416376,0,0.55709,0.0033585,0,0.373302,0,0.0500859,0.0591272,
0.304966,0,0.721071,1.00517,0,0,0.474607,0,0,0.0819103,0,0.459979,0.549264,0.549887,0,0,0.00425739,0.292962,0.436571,0.264892,0.264892,0,0.0829526,0.214612,0,0,0,0.00171632,0,0.0978753,0,0.562417,0,0,0,0.134796,0.111461,0,0.00385238,0.145271,0.000840815,0.42308,0,0.55542,0.0132835,0,0.380906,0,0.0492845,0.0499595,
0.312171,0,0.720936,1.00505,0,0,0.473935,0,0,0.0719414,0,0.459305,0.54907,0.549692,0,0,0.00307886,0.287859,0.428068,0.279334,0.279334,0,0.0803234,0.217585,0,0,0,8.99196e-05,0,0.114118,0,0.56435,0,0,0,0.139032,0.102658,0,0.0170073,0.149237,0.000314628,0.434678,0,0.552088,0.0202778,0,0.376437,0,0.0397071,0.0480444,
0.314711,0,0.707268,1.00488,0,0,0.473212,0,0,0.0558398,0,0.45858,0.548555,0.549176,0,0,0.000718148,0.274354,0.426436,0.299254,0.299254,0,0.0849489,0.227616,0,0,0,0,0,0.132001,0,0.561729,0,0,0,0.145303,0.0898583,0,0.0364911,0.156001,1.64871e-05,0.446392,0,0.541634,0.0229957,0,0.380653,0,0.021853,0.0377009,
0.321843,0,0.684049,1.00473,0,0,0.471955,0,0,0.0394267,0,0.45732,0.547342,0.54796,0,0,3.39313e-05,0.257071,0.426586,0.320201,0.320201,0,0.0905286,0.242912,0,0,0,0,0,0.151314,0,0.539775,0,0,0,0.143009,0.07126,0,0.056816,0.168001,0,0.450215,0,0.49863,0.0324156,0,0.382249,0,0.0142379,0.0259867,
0.332198,0,0.656054,1.00467,0,0,0.469288,0,0,0.0305656,0,0.454646,0.544992,0.545603,0,0,0,0.215864,0.424823,0.335994,0.335994,0,0.0915472,0.261858,0,0,0,0,0,0.162295,0,0.466313,0,0,0,0.116494,0.0533247,0,0.0768218,0.17638,0,0.438912,0,0.345765,0.0484215,0,0.398794,0,0.0289149,0.0152429,
0.325038,0,0.624549,1.00465,0,0,0.468755,0,0,0.0324552,0,0.454112,0.541616,0.542222,0,0,4.43037e-06,0.213512,0.425032,0.345344,0.345344,0,0.0969586,0.281931,0,1.44649e-05,0,0,0,0.16125,0,0.345487,0,0,0,0.0663041,0.0417834,0,0.0847008,0.185653,0,0.431488,0,0.115762,0.0590817,0,0.436883,0,0.0575033,0.00475243,
0.319735,0,0.594706,1.00452,0,0,0.470743,0,0,0.0429476,0,0.456104,0.536664,0.537267,0,0,0.000139591,0.227604,0.427109,0.334263,0.334263,0,0.110737,0.295296,0,0.000276037,0,0,0,0.146478,0,0.234699,0,0,0,0.0196582,0.0360212,0,0.0846555,0.19503,0,0.421204,0,0.0210964,0.059958,0,0.475602,0,0.0769746,0.000614693,
0.314503,0,0.574206,1.00454,0,0,0.475448,0,0,0.0562142,0,0.46082,0.534272,0.534879,0,0,0.00127651,0.24006,0.429054,0.307968,0.307968,0,0.124139,0.295904,0,0.000737676,0,0,0,0.121249,0,0.149662,0,0,0,0.00260491,0.0369719,0,0.0798114,0.198506,0,0.397454,0,0.00102318,0.0528675,0,0.488035,0,0.0810217,0.000724877,
0.30873,0,0.556772,1.00461,0,0,0.481791,0,0,0.0684904,0,0.467177,0.53403,0.534645,0,0,0.00289316,0.252291,0.423746,0.291008,0.291008,0,0.130205,0.289665,0,0.000276037,0,0,0,0.100742,0,0.0790839,0,0,0,0.00010089,0.0437003,0,0.0660692,0.200277,0,0.388052,0,0,0.0415769,0,0.484142,0,0.0750253,0.00399135,
0.320636,0,0.53269,1.00469,0,0,0.485264,0,0,0.0858358,0,0.470657,0.53651,0.537132,0,0,0.00105494,0.230867,0.426546,0.285695,0.285695,0,0.124363,0.284725,0,1.44649e-05,0,0,0,0.0935567,0,0.0251286,0,0,0,0,0.0502955,0,0.0601787,0.201262,0,0.391389,0,0,0.0312708,0,0.488594,0,0.0691867,0.00832921,
0.339433,0,0.506021,1.00514,0,0,0.486896,0,0,0.107255,0,0.472293,0.538938,0.539565,0,0,0.000123956,0.213883,0.443955,0.285455,0.285455,0,0.116609,0.283756,0,0,0,0,0,0.0941784,0,0.00386718,0,0,0,0,0.0561422,0,0.0583412,0.203489,0,0.400288,0,0,0.0180739,0,0.50457,0,0.0711557,0.00629611,
0.353463,0,0.481446,1.00536,0,0,0.489629,0,0,0.122621,0,0.475032,0.539615,0.540246,0,0,0.00135346,0.218261,0.461401,0.283098,0.283098,0,0.115937,0.28447,0,0,0,0,0,0.0902942,0,0.000161879,0,0,0,5.62414e-05,0.0638479,0,0.0484263,0.207068,0,0.402486,0,9.02602e-05,0.00437692,0,0.51197,0,0.0754593,0.00385512,
0.361344,0,0.451357,1.00538,0,0,0.492563,0,0,0.128936,0,0.477974,0.539078,0.539712,0,0,0.00426614,0.206099,0.475011,0.278663,0.278663,0,0.11959,0.286684,0,0,0,0,0,0.0795092,0,0,0,0,0,0.00119026,0.0713175,0,0.0376716,0.201203,0,0.403492,0,0.00172961,0.00021065,0,0.515251,0,0.0820464,0.00836422,
0.369248,0,0.416527,1.00527,0,0,0.495473,0,0,0.127109,0,0.480891,0.538248,0.538886,0,0,0.00362766,0.197265,0.476818,0.278634,0.278634,0,0.133936,0.290361,0,0,0,0,0,0.0716591,0,0,0,0,0,0.00510364,0.0768015,0,0.023737,0.195208,7.95192e-05,0.407771,0,0.00473931,0.000121209,0,0.512232,3.43716e-05,0.0985056,0.0105853,
0.37526,0,0.386771,1.00511,0,0,0.498758,0,0,0.119911,0,0.484184,0.537283,0.537924,0,0,0.00176195,0.18569,0.47413,0.284933,0.284933,0,0.153162,0.295507,0,0,0,0,0,0.074756,0,0,0,0,0,0.00704798,0.0784543,0,0.0130306,0.196483,0.00158132,0.417411,0,0.00206915,0.00255512,0,0.516266,0.00065594,0.121639,0.00849973,
0.374745,0,0.365182,1.00483,0,0,0.502541,0,0,0.11085,0,0.487976,0.536111,0.536756,0,0,0.000398504,0.187681,0.477926,0.293172,0.293172,0,0.175356,0.303602,0,0,0,0,0,0.0877846,0,0,0,0,0,0.00228751,0.0805144,0,0.00329357,0.199542,0.00527328,0.420364,0,0.000219755,0.0108258,0,0.53235,0.0017532,0.13728,0.0031841,
0.371382,0,0.351215,1.00455,0,0,0.504224,0,0,0.0949766,0,0.489663,0.534816,0.535461,0,0,1.88772e-05,0.17149,0.475164,0.303899,0.303899,0,0.198885,0.310952,0,0,0,0,0,0.0997335,0,0,0,0,0,0.000210004,0.0844385,0,0.000160563,0.199989,0.00476278,0.418028,0,5.62973e-05,0.0147246,0,0.543285,0.00104176,0.139161,0.00365753,
0.368387,0.00012913,0.345972,1.00443,0,0,0.504593,0,0,0.060696,0,0.490032,0.533807,0.534452,0,0,0,0.15842,0.461839,0.310788,0.310788,0,0.223705,0.314104,0,0,0,0,0,0.0993733,0,0,0,0,0,0.00193154,0.0919701,0,0,0.197976,0.00145288,0.41373,0,0.00102352,0.00486395,0,0.549248,0.00821996,0.132158,0.00521614,
0.363549,0.00261934,0.335253,1.00423,0,0,0.504559,0,0,0.022201,0,0.489998,0.533136,0.533779,0,0,0,0.164844,0.470235,0.315893,0.315893,0,0.246245,0.316465,0,0,0,0,0,0.0902902,0,0,0,0,0,0.00770317,0.10059,0,1.10515e-05,0.196597,0.00322131,0.412748,0,0.00402716,0.00299004,0,0.54953,0.0374429,0.134143,0.00223283,
0.357957,0.00961179,0.31049,1.00419,0,0,0.5034,0,0,0.0037807,0,0.488837,0.532671,0.533313,0,0,0,0.171117,0.471039,0.325045,0.325045,0,0.268582,0.321892,0,0,0,0,0,0.0913299,0,0,0,0,0,0.00966296,0.102118,0,0.000210898,0.198814,0.0101613,0.408315,0,0.00495785,0.00913223,0,0.554333,0.0709518,0.140737,0.00173654,
0.353607,0.0115201,0.276766,1.00419,0,0,0.500445,0,0,0.000332582,0,0.485874,0.532476,0.533113,0,0,0,0.163661,0.459123,0.32925,0.32925,0,0.285198,0.326784,0,0,0,0,0,0.0980409,0,0,0,0,0,0.00308004,0.0996563,0,0.000563592,0.198378,0.00886655,0.39886,0,0.00154979,0.00828538,0,0.550926,0.0822806,0.147454,0.0055749,
0.350876,0.00621622,0.246,1.00424,0,0,0.499077,0,0,0.00366949,0,0.484502,0.533364,0.534001,0,0,0,0.165067,0.441534,0.319334,0.319334,0,0.299501,0.3285,0,0,0,0,0,0.0923087,0,0,0,0,0,0.00104388,0.0997616,0,0.000210898,0.1938,0.00535423,0.380863,0,7.86044e-05,0.00264585,0,0.550223,0.073993,0.159545,0.00652494,
0.350726,0.00132928,0.219613,1.00434,0,0,0.496379,0,0,0.0181449,0,0.481798,0.537684,0.538322,0,0,0,0.148149,0.442071,0.305853,0.305853,0,0.307876,0.328117,0,0,0,0,0,0.0790876,0,0,0,0,0,0.00237881,0.106279,0,1.10515e-05,0.182106,0.00685405,0.36881,0,0,0.000281081,0,0.596859,0.0480948,0.177366,0.00206002,
0.359687,6.15841e-05,0.19569,1.00453,0,0,0.490477,0,0,0.0415214,0,0.475881,0.545626,0.546266,0,0,0,0.11101,0.446839,0.301696,0.301696,0,0.303971,0.323912,0,0,0,0,0,0.0741842,0,0,0,0,0,0.000889862,0.114358,0,0,0.162513,0.00594,0.378539,0,0,9.1249e-06,0,0.678979,0.0117635,0.193444,0.000312781,
0.368869,0,0.18406,1.00482,0,0,0.489179,0,0,0.0613767,0,0.47458,0.549215,0.549857,0,0,0,0.137325,0.45784,0.29963,0.29963,0,0.299666,0.32145,0,0,0,0,0,0.0717902,0,0,0,0,0,4.66281e-05,0.124378,0,0,0.146993,0.00165011,0.393872,0,0,0,0,0.712094,0.000569556,0.200433,0.00114029,
0.37921,0,0.181799,1.00518,0,0,0.494525,0,0,0.0660142,0,0.479939,0.54795,0.548598,0,0,0,0.147132,0.463621,0.301745,0.301745,0,0.29828,0.320113,0,0,0,0,0,0.0696904,0,2.52198e-05,0,0,0,9.30575e-05,0.133565,0,0,0.138971,8.16753e-05,0.399772,0,0,0,0,0.71988,0,0.200081,0.0045149,
0.38516,0,0.184692,1.00524,0,0,0.507981,0,0,0.0574777,0,0.493428,0.541331,0.541989,0,0,0,0.157724,0.460279,0.309065,0.309065,0,0.299326,0.312332,0,0,0,0,0,0.0709318,0,0.000649883,0,0,0,0.00197355,0.137058,0,0,0.131184,0,0.393084,0,0,0,0,0.708807,0.000158151,0.188979,0.00804489,
0.380425,0,0.193945,1.00499,0,0,0.511951,0,0,0.0500086,0,0.497406,0.538898,0.539558,0,0,0,0.156216,0.45792,0.314075,0.314075,0,0.297943,0.302488,0,0,0,0,0,0.069588,0,0.00450917,0,0,0,0.00870839,0.136001,0,0,0.122003,0,0.387545,0,0,0,0,0.705902,0.00342204,0.16992,0.00822579,
0.371829,0,0.210344,1.00469,0,0,0.512111,0,0,0.0494593,0,0.497567,0.539076,0.539736,0,0,0,0.165651,0.452681,0.317411,0.317411,0,0.297821,0.296228,0,2.29981e-05,0,0,0,0.0673694,0,0.00926886,0,0,0,0.0155622,0.134816,0,0,0.118238,0,0.383388,0,3.15302e-05,0,0,0.713903,0.0161983,0.148877,0.0025227,
0.364195,0,0.233216,1.00467,0,0,0.512558,0,0,0.0586565,0,0.498015,0.539434,0.540096,0,0,0,0.180938,0.448369,0.312508,0.312508,0,0.301317,0.28845,0,0.000530018,0,0,0,0.0602734,0,0.00610297,0,0,0,0.019082,0.139321,0,0,0.117722,0,0.369827,0,0.000601712,0,0,0.714126,0.0299728,0.134129,0.000138474,
0.353847,0,0.259763,1.00479,0,0,0.513793,0,0,0.0703522,0,0.499253,0.539512,0.540176,0,0,0,0.184639,0.447724,0.29797,0.29797,0,0.309681,0.278316,0,0.00292965,0,0,0,0.0390551,0,0.00887859,0,0,0,0.0244094,0.147581,0,0,0.122346,0,0.335894,0,0.00160821,0,0,0.690902,0.0260549,0.127318,0.000169956,
0.338107,0,0.29168,1.00485,0,0,0.516607,0,0,0.0778052,0,0.502074,0.538884,0.53955,0,0,0,0.187478,0.447785,0.284357,0.284357,0,0.31949,0.264553,0,0.00540694,0,0,0,0.0153917,0,0.00611139,0,0,0,0.0216522,0.154201,0,0,0.13007,0,0.306764,0,0.000601712,0,0,0.650458,0.0152582,0.12135,0.00351032,
0.322089,0,0.332445,1.00492,0,0,0.516835,0,0,0.0841642,0,0.502303,0.537019,0.537683,0,0,0,0.211634,0.450083,0.27642,0.27642,0,0.32035,0.250209,0,0.00260376,0,0,0,0.00290424,0,0.00185996,0,0,0,0.0154682,0.153979,0,0,0.132777,0,0.299376,0,3.15302e-05,0,0,0.599855,0.0155494,0.120801,0.0142674,
0.303555,0,0.379625,1.00508,0,0,0.51258,0,0,0.0907867,0,0.498037,0.533828,0.534483,0,0,0,0.233618,0.457697,0.274606,0.274606,0,0.316032,0.235654,0,0.000405725,0,0,0,0.00132109,0,0.00198674,0,0,0,0.0140312,0.149694,0,0,0.136187,0,0.307706,0,2.12988e-05,0,0,0.555707,0.0208606,0.122187,0.0225181,
0.297579,0,0.424026,1.00529,0,0,0.511099,0,0,0.094302,0,0.496552,0.532531,0.533183,0,0,1.90347e-05,0.235864,0.463915,0.277,0.277,0,0.31308,0.227233,0,1.64852e-05,0,0,0,0.00551332,0,0.00336408,0,0,0,0.0144697,0.145161,0,5.81721e-05,0.140839,0,0.321202,0,0.000455596,1.13565e-05,0,0.53541,0.017158,0.121843,0.0212749,
0.323704,0,0.448817,1.00548,0,0,0.509431,0,0,0.0972802,0,0.494881,0.531961,0.532609,0,0,0.000435143,0.221381,0.463012,0.282645,0.282645,0,0.311557,0.224699,0,0,0,0,0,0.0118379,0,0.00457209,0,0,0,0.0142184,0.144272,0,0.00121114,0.146036,0,0.332189,0,0.00227211,0.000350118,0,0.535171,0.00667196,0.117773,0.0162858,
0.385729,0,0.445344,1.0055,0,0,0.502442,0,0,0.105937,0,0.487875,0.53175,0.532389,0,0,0.00234787,0.197479,0.457557,0.29177,0.29177,0,0.307506,0.22015,0,0,0,0,0,0.019418,0,0.0135621,0,0,0,0.00832477,0.140469,0,0.00489637,0.154743,0,0.335285,0,0.00873866,0.00335431,0,0.539418,0.00107238,0.11238,0.02097,
0.40626,0,0.428355,1.00543,0,0,0.497248,0,0,0.116519,0,0.482668,0.532534,0.533167,0,0,0.00411935,0.18982,0.455973,0.307494,0.307494,0,0.303066,0.212959,0,0,0,0,0,0.0307798,0,0.056953,0,0,0,0.00192042,0.137402,0,0.0062654,0.180586,0,0.3316,0,0.037913,0.0117344,0,0.540608,0.000156681,0.107349,0.0287847,
0.413767,0,0.416929,1.0056,0,0,0.495322,0,0,0.124194,0,0.480737,0.533106,0.533738,0,0,0.00162269,0.196258,0.450698,0.329317,0.329317,0,0.304759,0.202882,0,0,0,0,0,0.0470962,0,0.131443,0,0,0,0.000113992,0.138189,0,0.00198436,0.214684,0,0.325196,0,0.118687,0.0209656,0,0.535029,0.00213312,0.0939333,0.0213742,
0.417576,0,0.416991,1.00571,0,0,0.496036,0,0,0.122254,0,0.481453,0.533444,0.534077,0,0,0.000158477,0.1871,0.454026,0.349419,0.349419,0,0.312978,0.192766,0,0,0,0,0,0.062812,0,0.200611,0,0,0,0.000771381,0.144106,0,0.000100908,0.243691,0,0.324774,0,0.203155,0.0276643,0,0.530012,0.00585784,0.0770276,0.00551366,
0.414269,0,0.425886,1.00543,0,0,0.498085,0,0,0.112302,0,0.483506,0.533788,0.534424,0,0,4.53708e-06,0.197303,0.457232,0.360617,0.360617,0,0.322272,0.18608,0,0,0,0,0,0.0734182,0,0.249907,0,0,0,0.00825105,0.151181,0,0,0.262645,0,0.336321,0,0.268337,0.025033,0,0.520771,0.00502234,0.0643687,0.000268673,
0.405263,0,0.442036,1.00519,0,0,0.498155,0,0,0.102803,0,0.483576,0.534475,0.535111,0,0,5.08159e-05,0.206751,0.456759,0.361385,0.361385,0,0.325928,0.183628,0,0,0,0,0,0.0753289,0,0.302467,0,0,0,0.0327333,0.154071,0,0,0.271355,0,0.341579,0,0.318083,0.0141232,0,0.503628,0.00965979,0.0542021,0,
0.393982,0,0.462,1.00505,0,0,0.497297,0,0,0.0952718,0,0.482716,0.535056,0.535692,0,0,0.000969795,0.204849,0.456749,0.359961,0.359961,0,0.321819,0.184682,0,0,0,0,0,0.0728728,0,0.358256,0,0,0,0.0605723,0.150555,0,9.5097e-06,0.27453,0,0.344366,0,0.346004,0.00405431,0,0.482064,0.00841166,0.0462449,0,
0.381733,0,0.480713,1.00495,0,0,0.496484,0,0,0.0878862,0,0.481901,0.535247,0.535882,0,0,0.00259267,0.214228,0.465036,0.35756,0.35756,0,0.312308,0.186489,0,0,0,0,0,0.0718172,0,0.38514,0,0,0,0.0686373,0.147543,0,0.000181476,0.271157,0,0.34986,0,0.352154,0.000482273,0,0.460179,0.00226573,0.0495996,0,
0.371083,0,0.49567,1.00528,0,0,0.49578,0,0,0.0834404,0,0.481195,0.535273,0.535908,0,0,0.000969795,0.234145,0.466805,0.353921,0.353921,0,0.302362,0.189627,0,0,0,0,0,0.0733098,0,0.409348,0,0,0,0.0697947,0.146088,0,0.000503502,0.26611,0,0.354058,0,0.355447,9.72591e-05,0,0.446702,0.000446592,0.059079,0,
0.360136,0,0.508403,1.00543,0,0,0.495266,0,0,0.0832391,0,0.480681,0.535227,0.535861,0,0,5.08159e-05,0.240793,0.466168,0.35476,0.35476,0,0.293531,0.194393,0,0,0,0,0,0.0791205,0,0.434955,0,0,0,0.0735365,0.143837,0,0.000572362,0.260352,0,0.369566,0,0.359495,0.00155502,0,0.447469,0.000968947,0.066878,0,
0.35394,0,0.521478,1.00521,0,0,0.495018,0,0,0.0850664,0,0.480432,0.535055,0.535688,0,0,0,0.244027,0.46502,0.360191,0.360191,0,0.288161,0.199826,0,0,0,0,0,0.0940835,0,0.448578,0,0,0,0.072209,0.140713,0,0.00170491,0.259548,0,0.389648,0,0.358185,0.0046684,0,0.455357,0.00172327,0.0675172,0,
0.36336,0,0.535113,1.00506,0,0,0.494838,0,0,0.0841739,0,0.48025,0.534916,0.535549,0,0,0,0.238385,0.457258,0.36163,0.36163,0,0.283643,0.203559,0,0,0,0,0,0.109099,0,0.453552,0,0,0,0.071543,0.137719,0,0.00307659,0.258092,0,0.406078,0,0.357648,0.00310706,0,0.460024,0.00468419,0.0636867,0,
0.372557,0.000419347,0.549676,1.00503,0,0,0.494444,0,0,0.0703863,0,0.479856,0.534836,0.535469,0,0,0,0.217595,0.454514,0.369736,0.369736,0,0.279819,0.210605,0,0,0,0,0,0.128552,0,0.462637,0,0,0,0.0739993,0.132247,0,0.00349881,0.260007,0,0.418163,0,0.355005,0.000671882,0,0.464803,0.00533333,0.0588898,0.000119496,
0.369036,0.00804116,0.569752,1.00467,0,0,0.48973,0,0,0.0362504,0,0.47513,0.535012,0.535639,0,0,0,0.209826,0.445119,0.3783,0.3783,0,0.277021,0.218899,0,0,0,0,0,0.146801,0,0.480264,0,0,0,0.0770553,0.124285,0,0.00255403,0.266744,0,0.423542,0,0.349361,0.000135534,0,0.468599,0.00447326,0.0510878,0.00238132,
0.352329,0.0225298,0.59904,1.00398,0,0,0.479518,0,0,0.00781177,0,0.464894,0.535492,0.536105,0,0,0,0.207045,0.413552,0.380862,0.380862,0,0.272615,0.220474,0,0,0,0,0,0.159696,0,0.508917,0,0,0,0.0849562,0.114915,0,0.000794721,0.274006,0,0.419164,0,0.341759,0.00214092,0,0.467491,0.00315117,0.0319116,0.00821817,
0.336211,0.015882,0.628524,1.00407,0,0,0.481226,0,0,0.000366596,0,0.466605,0.534755,0.535371,0,0,0,0.229397,0.409897,0.38146,0.381382,0,0.265394,0.216652,0,0,0,0.000211092,0,0.174712,0,0.529448,0,0,0,0.0888251,0.101442,0,0.00225615,0.275483,0,0.416007,0,0.333075,0.00813073,0,0.466086,0.0050823,0.0138096,0.0115697,
0.327393,0.0309243,0.653496,1.0036,0,0,0.480511,0,0,0,0,0.465888,0.533937,0.534551,0,0,0,0.220702,0.386691,0.380603,0.379114,0,0.257093,0.208893,0,0,0,0.00404087,0,0.183485,0,0.535939,0,0,0,0.092709,0.092777,0,0.00827696,0.265867,0,0.417263,0,0.330939,0.00946178,0,0.45493,0.00215072,0.00328703,0.0202756,
0.321892,0.0389548,0.67697,1.0033,0,0,0.477805,0,0,0.000128254,0,0.463175,0.536266,0.536878,0,0,0,0.226028,0.377901,0.368683,0.364595,0,0.247915,0.201739,0,0,0,0.0110042,0,0.17668,0,0.548459,0,0,0,0.106683,0.0923453,0,0.0105505,0.252891,0,0.418041,0,0.334083,0.00288932,0,0.43829,0.00562089,0.000311414,0.0347368,
0.32095,0.0192263,0.694632,1.00396,0,0,0.477455,0,0,0.00271524,0,0.462824,0.537181,0.537794,0,0,0,0.255296,0.411231,0.354049,0.352491,0,0.239775,0.197206,0,0,0,0.00457582,0,0.158263,0,0.570435,0,0,0,0.123485,0.0901058,0,0.006649,0.239539,0,0.418577,0,0.338894,0.000145843,0,0.425739,0.0191693,0.000235679,0.0428081,
0.326987,0.00365204,0.704276,1.00458,0,0,0.479205,0,0,0.0120441,0,0.464579,0.535878,0.536492,0,0,0,0.277975,0.42556,0.33582,0.334832,0,0.235824,0.18905,0,0,0,0.00311978,0,0.128359,0,0.585413,0,0,0,0.141165,0.0914136,0,0.00160355,0.224644,0,0.418796,0,0.358596,0.000123217,0,0.409435,0.0194721,0.00087685,0.0385893,
0.332109,0.000163194,0.708508,1.00478,0,0,0.481829,0,0,0.0235038,0,0.467208,0.535668,0.536286,0,0,0,0.281787,0.423501,0.32204,0.319528,0,0.229736,0.179983,0,0,0,0.00740893,0,0.105901,0,0.586237,0,0,0,0.149776,0.102517,0,7.83544e-05,0.215933,0,0.420788,0,0.376789,0.00253689,0,0.389441,0.00812662,0.00106196,0.0306371,
0.329895,0,0.708422,1.00484,0,0,0.485496,0,0,0.032525,0,0.470884,0.536293,0.536916,0,0,4.96834e-05,0.2815,0.427314,0.320469,0.319541,0,0.229276,0.176565,0,0,0,0.0027601,0,0.0978046,0,0.585296,0,0,0,0.15369,0.110613,0,2.87949e-05,0.218186,0,0.419109,0,0.387529,0.00987098,0,0.395408,0.00137247,0.000696544,0.0154827,
0.32161,0,0.703284,1.00501,0,0,0.48837,0,0,0.0402955,0,0.473764,0.536578,0.537205,0,0,0.00101554,0.281692,0.43817,0.311853,0.311804,0,0.22881,0.17287,0,0,0,0.000144555,0,0.0849857,0,0.574798,0,0,0,0.160383,0.111638,0,0.000181305,0.218894,7.17209e-05,0.416132,0,0.385783,0.0127147,0,0.40546,5.86409e-05,0.00439037,0.0035022,
0.307903,0,0.694775,1.00516,0,0,0.489942,0,0,0.0479127,0,0.475341,0.536199,0.536828,0,0,0.00384925,0.28259,0.444397,0.305304,0.305304,0,0.226689,0.174867,0,0,0,0,0,0.0658215,0,0.528749,0,0,0,0.164986,0.106833,0,0.00207292,0.207029,0.00136885,0.420866,0,0.346819,0.00950537,0,0.400568,0,0.0205509,0.000240258,
0.291228,0,0.684628,1.00504,0,0,0.490448,0,0,0.0493278,0,0.475847,0.535037,0.535665,0,0,0.0049294,0.274785,0.446008,0.303433,0.303433,0,0.225407,0.18466,0,0,0,0,0,0.0544483,0,0.427596,0,0,0,0.152576,0.101026,0,0.00632862,0.191572,0.00366104,0.427511,0,0.231994,0.0116979,0,0.39123,0,0.0500493,4.6609e-06,
0.288583,0,0.670041,1.00485,0,0,0.489803,0,0,0.0432914,0,0.4752,0.533272,0.533897,0,0,0.00278993,0.268935,0.442463,0.294098,0.294098,0,0.22106,0.190362,0,0,0,0,0,0.0439175,0,0.304365,0,0,0,0.117641,0.0992763,0,0.00465517,0.179547,0.00136885,0.432745,0,0.0897005,0.00631114,0,0.396231,0,0.0781361,0.000124764,
0.299181,0,0.651086,1.00462,0,0,0.489639,0,0,0.03728,0,0.475036,0.531828,0.532451,0,0,0.000611522,0.275437,0.43439,0.290966,0.290966,0,0.213399,0.192393,0,0,0,0,0,0.0432577,0,0.215548,0,0,0,0.0718597,0.0994751,0,0.00109984,0.175869,7.17209e-05,0.425999,0,0.0170364,0.00808686,0,0.399416,7.38025e-05,0.0929024,0.00250745,
0.315092,0,0.63245,1.00473,0,0,0.490129,0,0,0.035636,0,0.475527,0.531254,0.531876,0,0,3.78888e-05,0.259912,0.43343,0.290589,0.290589,0,0.20095,0.192334,0,0,0,0,0,0.0494317,0,0.145863,0,0,0,0.0351986,0.102932,0,5.21609e-05,0.169518,0,0.415888,0,0.000812556,0.00760076,0,0.39431,0.00140859,0.0808765,0.0089544,
0.326324,0,0.616283,1.00488,0,0,0.490281,0,0,0.0404846,0,0.47568,0.531671,0.532294,0,0,0.000178882,0.26153,0.438318,0.288474,0.288474,0,0.192724,0.192706,0,0,0,0,0,0.0534294,0,0.0963803,0,0,0,0.012879,0.109961,0,0,0.161552,0,0.407198,0,0,0.00213626,0,0.388242,0.00376752,0.0591246,0.0122503,
0.328491,0,0.602787,1.00496,0,0,0.490025,0,0,0.0473328,0,0.475423,0.531857,0.53248,0,0,0.000478032,0.250749,0.443122,0.28414,0.28414,0,0.189248,0.191222,0,0,0,0,0,0.054625,0,0.0647904,0,0,0,0.00244674,0.115627,0,0,0.156901,0,0.402861,0,0,0.000105908,0,0.385073,0.00140859,0.0438977,0.0134692,
0.32591,0,0.589988,1.00508,0,0,0.489978,0,0,0.053679,0,0.475376,0.531321,0.531944,0,0,0.000178882,0.257774,0.44703,0.279665,0.279665,0,0.194121,0.187978,0,0,0,0,0,0.0495581,0,0.0521884,0,0,0,0.000408085,0.119022,0,0,0.163646,0,0.397971,0,0,0,0,0.380504,0.000128175,0.0363705,0.0089111,
0.321574,0,0.572914,1.00508,0,0,0.490718,0,0,0.0577709,0,0.476117,0.530096,0.530719,0,0,9.37381e-06,0.269866,0.449411,0.279235,0.279235,0,0.203433,0.184417,0,0,0,0,0,0.0416862,0,0.0441652,0,0,0,0.00111232,0.120758,0,6.69907e-05,0.175235,6.36727e-05,0.393891,0,0,0.000128847,0,0.369984,0.00103767,0.0260191,0.00419273,
0.313842,0,0.553586,1.00494,0,0,0.4915,0,0,0.0602487,0,0.476902,0.527706,0.528327,0,0,0,0.257849,0.448485,0.284466,0.284466,0,0.211293,0.183293,0,3.02836e-05,0,0,0,0.0390861,0,0.0298452,0,0,0,0.00125709,0.119114,0,0.00131454,0.188466,0.00121521,0.3953,0,0,0.00250801,0,0.352135,0.0027743,0.0184254,0.00775286,
0.305952,0,0.540105,1.00502,0,0,0.489777,0,0,0.0633478,0,0.475174,0.526304,0.526921,0,0,0,0.219182,0.459845,0.292369,0.292369,0,0.218338,0.189326,0,0.000577922,0,0,0,0.0446147,0,0.007746,0,0,0,0.000380511,0.116551,0,0.00420725,0.207257,0.00324954,0.40457,0,0,0.00751719,0,0.353236,0.00103767,0.0286376,0.0124069,
0.30754,0,0.52266,1.00524,0,0,0.485955,0,0,0.0666741,0,0.471343,0.526297,0.526909,0,0,0,0.200993,0.482839,0.292825,0.292825,0,0.22025,0.193548,0,0.00154461,0,0,0,0.0462332,0,0.0003791,0,0,0,1.91724e-05,0.114858,0,0.00511388,0.217659,0.00121521,0.40844,0,0,0.00510436,0,0.377444,5.43721e-05,0.0394083,0.018442,
0.317675,0,0.500594,1.00524,0,0,0.484445,0,0,0.0711889,0,0.469829,0.525285,0.525894,0,0,0,0.202723,0.486189,0.293829,0.293829,0,0.216167,0.19585,0,0.000577922,0,0,0,0.0487717,0,0,0,0,0,0,0.115203,0,0.00711227,0.220207,6.36727e-05,0.411635,0,0,0.00155005,0,0.407351,0,0.0414084,0.0235959,
0.32067,0,0.485917,1.00509,0,0,0.485688,0,0,0.071638,0,0.471075,0.521539,0.522144,0,0,0,0.210321,0.479705,0.298393,0.298393,0,0.214907,0.198428,0,3.02836e-05,0,0,0,0.0539969,0,0,0,0,0,0,0.11431,0,0.00516179,0.223353,0,0.415792,0,0,0.000236453,0,0.42354,0,0.0369733,0.0259811,
0.32143,0,0.480097,1.0049,0,0,0.485396,0,0,0.0689903,0,0.470781,0.519853,0.520456,0,0,0,0.202004,0.472284,0.302273,0.302273,0,0.214548,0.199567,0,0,0,0,0,0.0609568,0,0,0,0,0,0,0.112367,0,0.0019866,0.223452,0,0.420458,0,0,9.87093e-06,0,0.441874,0,0.0322538,0.0305782,
0.323282,0,0.481187,1.0049,0,0,0.483462,0,0,0.068065,0,0.468843,0.521214,0.521817,0,0,0,0.202696,0.466861,0.303773,0.303773,0,0.213182,0.200561,0,0,0,0,0,0.0658076,0,0,0,0,0,0,0.108386,0,0.00195035,0.218717,0,0.424813,0,0,0,0,0.457426,0,0.0267937,0.0379819,
0.324232,0,0.484881,1.00494,0,0,0.482767,0,0,0.0727252,0,0.468146,0.522266,0.522869,0,0,0,0.219352,0.462718,0.304724,0.304724,0,0.214431,0.202427,0,0,0,0,0,0.068533,0,0,0,0,0,0,0.103577,0,0.000706568,0.214936,0,0.425381,0,0,0.000163924,0,0.457545,0,0.0224238,0.0426765,
0.327695,0,0.487308,1.00493,0,0,0.482692,0,0,0.0778465,0,0.468069,0.522368,0.522971,0,0,0,0.210318,0.462552,0.302374,0.302374,0,0.217196,0.204464,0,0,0,0,0,0.0713142,0,0,0,0,0,0,0.097477,0,9.0371e-05,0.209523,0,0.419315,0,0,0.00338974,0,0.453259,0,0.0266021,0.0466815,
0.331106,0,0.490377,1.00485,0,0,0.48451,0,0,0.0810165,0,0.469891,0.522526,0.523132,0,0,0,0.207578,0.45929,0.293552,0.293552,0,0.225678,0.206214,0,0,0,0,0,0.0693087,0,0,0,0,0,0,0.097846,0,0.00115117,0.206769,0,0.396739,0,0,0.0137648,0,0.453807,0,0.0397506,0.0429511,
0.331551,0,0.495501,1.00485,0,0,0.485626,0,0,0.0808136,0,0.471009,0.523915,0.524523,0,0,0,0.216293,0.456812,0.282253,0.282253,0,0.228575,0.207422,0,0,0,0,0,0.0603664,0,0,0,0,0,4.95399e-05,0.103544,0,0.00539041,0.197915,0,0.375907,0,1.67001e-05,0.0240939,0,0.463979,1.93689e-05,0.0525302,0.042781,
0.330027,0,0.501598,1.00486,0,0,0.486421,0,0,0.0799503,0,0.471806,0.525117,0.525728,0,0,0,0.229608,0.457711,0.27609,0.27609,0,0.227659,0.209599,0,0,0,0,0,0.0492427,0,0,0,0,0,0.00104497,0.104215,0,0.0103041,0.190121,0,0.363309,0,0.000318693,0.0304535,0,0.464748,0.000602417,0.0608608,0.0451645,
0.326349,0,0.506132,1.00502,0,0,0.487104,0,0,0.0810232,0,0.47249,0.525948,0.526561,0,0,0,0.238527,0.46183,0.276277,0.276277,0,0.230296,0.214052,0,0,0,0,0,0.0413763,0,0,0,0,0,0.00445579,0.100608,0,0.0109386,0.186553,0,0.359536,0,0.000851679,0.0260444,0,0.453861,0.00577687,0.065642,0.0465494,
0.32596,0,0.505355,1.005,0,0,0.487628,0,0,0.0832148,0,0.473015,0.526492,0.527106,0,0,0,0.240123,0.465793,0.282157,0.282157,0,0.234761,0.219313,0,0,0,0,0,0.0402748,0,0,0,0,0,0.00654735,0.0955416,0,0.00882536,0.188782,0,0.363441,0,0.000318693,0.0179302,0,0.441326,0.0190658,0.0647937,0.0443868,
0.32864,0,0.500694,1.00495,0,0,0.488132,0,0,0.0844744,0,0.47352,0.526635,0.52725,0,0,0,0.230787,0.461718,0.289503,0.289503,0,0.236157,0.223596,0,0,0,0,0,0.0466205,0,0,0,0,0,0.00333867,0.090888,0,0.00677314,0.193588,0,0.371547,0,3.20194e-05,0.0112641,0,0.428103,0.0269704,0.059308,0.0433839,
0.327766,0,0.493474,1.00495,0,0,0.488651,0,0,0.0845514,0,0.47404,0.526942,0.527558,0,0,0,0.214369,0.460305,0.296421,0.296421,0,0.233702,0.229291,0,0,0,0,0,0.0581896,0,8.43409e-05,0,0,0,0.000619052,0.090357,0,0.00696244,0.201754,4.18574e-05,0.379378,0,0.000815183,0.0111462,0,0.427516,0.0257439,0.0577924,0.0467743,
0.327717,0,0.483864,1.00505,0,0,0.488916,0,0,0.0837158,0,0.474305,0.527095,0.527712,0,0,0,0.213218,0.461508,0.307442,0.307442,0,0.234193,0.238997,0,0,0,0,0,0.0750498,0,0.00184935,0,0,0,2.72242e-05,0.0945588,0,0.00653096,0.227969,0.000798809,0.384549,0,0.0121004,0.0221869,0,0.423589,0.0222861,0.0690885,0.0556547,
0.330306,0,0.474368,1.00525,0,0,0.488607,0,0,0.0785952,0,0.473995,0.526757,0.527373,0,0,0,0.209935,0.462723,0.329406,0.329406,0,0.236105,0.25371,0,0,0,0,0,0.0982781,0,0.00912406,0,0,0,0,0.106224,0,0.00631258,0.276662,0.00213526,0.390138,0,0.0613239,0.0426221,0,0.419266,0.00935238,0.0927419,0.0652759,
0.334063,0.000168277,0.467567,1.00506,0,0,0.488099,0,0,0.0663677,0,0.473486,0.526143,0.526758,0,0,8.34924e-06,0.215479,0.468211,0.35539,0.35539,0,0.243814,0.268497,0,0,0,0,0,0.123466,0,0.0186125,0,0,0,0.000234015,0.121131,0,0.00203293,0.326378,0.000798809,0.392416,0,0.170363,0.0657297,0,0.421095,0.0015053,0.111352,0.0601812,
0.338306,0.0038395,0.462794,1.00461,0,0,0.488352,0,0,0.0381821,0,0.473738,0.527366,0.527982,0,0,0.00015933,0.222343,0.464718,0.365803,0.365803,0,0.252338,0.277966,0,0,0,0,0,0.143157,0,0.0250779,0,0,0,0.00477822,0.131187,0,0.00113312,0.356531,4.18574e-05,0.388831,0,0.270487,0.0796055,0,0.43267,6.28017e-05,0.108304,0.0408672,
0.342136,0.0219553,0.454295,1.00386,0,0,0.488595,0,0,0.00884781,0,0.473982,0.533519,0.534143,0,0,0.000425781,0.21723,0.423277,0.359944,0.359944,0,0.256359,0.281407,0,0,0,0,0,0.150617,0,0.0418622,0,0,0,0.0183357,0.133174,0,0.00529675,0.371422,0,0.380305,0,0.335543,0.0779737,0,0.438204,0.000101749,0.0921081,0.0210669,
0.347088,0.0585309,0.439433,1.00317,0,0,0.484538,0,0,0.000422707,0,0.469915,0.541533,0.542161,0,0,0.00015933,0.181582,0.386512,0.363174,0.363174,0,0.253868,0.282862,0,0,0,0,0,0.163882,0,0.0706943,0,0,0,0.0283063,0.125802,0,0.0131103,0.384043,0,0.386171,0,0.355627,0.0754376,0,0.447203,0.00214378,0.0721179,0.0157009,
0.350412,0.0921585,0.426245,1.00264,0,0,0.481614,0,0,0,0,0.466984,0.548121,0.548753,0,0,8.34924e-06,0.179447,0.359952,0.373586,0.373586,0,0.252747,0.281463,0,0,0,0,0,0.180973,0,0.108651,0,0,0,0.0366625,0.108999,0,0.0221053,0.396594,0,0.401166,0,0.354096,0.0745424,0,0.448087,0.00947902,0.0525521,0.0201323,
0.352238,0.102237,0.427756,1.00268,0,0,0.47983,0,0,0,0,0.465196,0.548811,0.549441,0,0,0,0.195034,0.354617,0.377107,0.377107,0,0.254194,0.281862,0,0,0,0,0,0.197367,0,0.147917,0,0,0,0.0470139,0.0938805,0,0.0293992,0.403848,0,0.41176,0,0.349961,0.0738032,0,0.444652,0.0209636,0.0382219,0.01773,
0.353786,0.078894,0.449835,1.00338,0,0,0.47691,0,0,0,0,0.462269,0.544144,0.544765,0,0,0,0.230072,0.380986,0.365657,0.365657,0,0.25288,0.278687,0,0,0,0,0,0.203878,0,0.204909,0,0,0,0.0600791,0.0807338,0,0.0336075,0.408169,0,0.408382,0,0.353214,0.069503,0,0.439295,0.0385817,0.0267791,0.0103022,
0.35274,0.056115,0.49014,1.0039,0,0,0.476376,0,0,0,0,0.461734,0.5418,0.542418,0,0,0,0.263076,0.402792,0.358651,0.358651,0,0.248003,0.272051,0,0,0,0,0,0.200882,0,0.251838,0,0,0,0.0735066,0.070415,0,0.0356269,0.402597,0,0.411781,0,0.3534,0.0566364,0,0.431888,0.0558294,0.0168832,0.00592342,
0.345341,0.0422,0.543012,1.00404,0,0,0.477628,0,0,0,0,0.462988,0.539856,0.540473,0,0,0,0.278114,0.412312,0.358802,0.358802,0,0.242345,0.266773,0,0,0,0,0,0.198547,0,0.289712,0,0,0,0.0863667,0.0596548,0,0.0434305,0.397249,4.43897e-06,0.416485,0,0.354065,0.0491062,0,0.420329,0.0634319,0.011993,0.0045945,
0.337595,0.031817,0.593847,1.00417,0,0,0.480138,0,0,0,0,0.465504,0.536345,0.536961,0,0,5.54534e-05,0.286183,0.416637,0.355048,0.355048,0,0.234817,0.262524,0,0,0,0,0,0.191176,0,0.342986,0,0,0,0.11273,0.0530909,0,0.0478006,0.390139,0.000163973,0.409353,0,0.359304,0.0471134,0,0.413827,0.0625494,0.0128451,0.00144348,
0.339291,0.0237566,0.627986,1.00423,0,0,0.480648,0,0,0,0,0.466015,0.535448,0.536064,0,0,0.00105831,0.283508,0.411994,0.352942,0.352942,0,0.223656,0.263201,0,0,0,0,0,0.183199,0,0.392521,0,0,0,0.136697,0.0501263,0,0.046784,0.381771,0.00181362,0.413258,0,0.364534,0.0463768,0,0.41024,0.0640965,0.0254114,0.00134051,
0.344247,0.0188572,0.649826,1.00421,0,0,0.479277,0,0,0,0,0.464641,0.536025,0.536639,0,0,0.00282954,0.28181,0.408142,0.356803,0.356803,0,0.211732,0.268516,0,0,0,0,0,0.18172,0,0.42532,0,0,0,0.144852,0.0428784,0,0.0553125,0.378248,0.00554875,0.426547,0,0.36526,0.0494133,0,0.395598,0.0657877,0.0393168,0.00482437,
0.345879,0.0156972,0.669761,1.0043,0,0,0.476447,0,0,0,0,0.461804,0.537744,0.538357,0,0,0.00105831,0.283884,0.41218,0.363586,0.363586,0,0.20058,0.274776,0,0,0,0,0,0.18489,0,0.447418,0,0,0,0.139736,0.0332548,0,0.0711804,0.377645,0.00530773,0.437744,0,0.360882,0.0533497,0,0.382075,0.0699184,0.0400708,0.00594124,
0.345227,0.0118521,0.691949,1.00436,0,0,0.475141,0,0,0,0,0.460494,0.54051,0.541124,0,0,5.54534e-05,0.285415,0.421928,0.365344,0.365344,0,0.193128,0.282295,0,0,0,0,0,0.183219,0,0.473778,0,0,0,0.132482,0.0250982,0,0.0817899,0.376407,0.00149619,0.442245,0,0.359436,0.0576539,0,0.374633,0.0687135,0.0343458,0.00272326,
0.349476,0.00689983,0.708814,1.00427,0,0,0.4727,0,0,0,0,0.458048,0.54414,0.544755,0,0,0,0.273523,0.432321,0.361741,0.361741,0,0.185284,0.289599,0,0,0,0,0,0.179368,0,0.508614,0,0,0,0.126333,0.0148884,0,0.0844489,0.378999,7.42378e-05,0.437226,0,0.361981,0.0660886,0,0.380753,0.0440718,0.0330863,0.000507811,
0.364794,0.00438675,0.713278,1.00411,0,0,0.466508,0,0,0,0,0.451841,0.548369,0.54898,0,0,0,0.209447,0.438737,0.36511,0.36511,0,0.165449,0.294954,0,0,0,0,0,0.186128,0,0.525154,0,0,0,0.114294,0.0049541,0,0.0909786,0.375538,0,0.436768,0,0.343607,0.0794599,0,0.419165,0.0105546,0.033203,0.000930181,
0.386771,0.00580614,0.701019,1.00389,0,0,0.463666,0,0,0,0,0.448993,0.548548,0.549156,0,0,0,0.18951,0.438061,0.3745,0.3745,0,0.143377,0.301458,0,0,0,0,0,0.201251,0,0.531635,0,0,0,0.100196,0.000728851,0,0.106281,0.369155,0,0.443296,0,0.315545,0.0914667,0,0.476302,0.000508174,0.0280758,0.00552427,
0.399309,0.00492712,0.679724,1.00395,0,0,0.464652,0,0,4.49894e-05,0,0.449981,0.545582,0.546188,0,0,0,0.181264,0.437234,0.380427,0.380427,0,0.129213,0.307724,0,0,0,0.000125054,0,0.215643,0,0.538607,0,0,0,0.0821816,0.000116342,0,0.122443,0.369858,0,0.444026,0,0.295037,0.101594,0,0.521702,0,0.013148,0.0124395,
0.39531,0.00221231,0.666581,1.00397,0,0,0.471087,0,0,0.000953415,0,0.45643,0.541033,0.541643,0,0,4.57099e-05,0.20959,0.433971,0.385995,0.385995,0,0.122436,0.314203,0,0,0,0.00243876,0,0.22197,0,0.54887,0,0,0,0.0746333,0.00172328,0,0.132965,0.37091,0,0.448997,0,0.289675,0.100709,0,0.531664,0,0.00430961,0.0101951,
0.380601,0.00043809,0.669648,1.00419,0,0,0.474725,0,0,0.00429768,0,0.460077,0.539502,0.540114,0,0,0.000872338,0.22399,0.429266,0.381406,0.381406,0,0.119535,0.316367,0,0,0,0.00737396,0,0.212706,0,0.560443,0,0,0,0.0923819,0.00569758,0,0.137351,0.358579,0,0.455967,0,0.302064,0.0821617,0,0.518125,0,0.0048704,0.00375691,
0.364189,1.98886e-05,0.682795,1.00435,0,0,0.476168,0,0,0.00956097,0,0.461522,0.53906,0.539674,0,0,0.00240594,0.230024,0.431977,0.375009,0.375009,0,0.119723,0.312133,0,0,0,0.00500852,0,0.196071,0,0.561227,0,0,0,0.112225,0.00503869,0,0.137885,0.344615,3.84273e-06,0.457562,0,0.304425,0.0609342,0,0.499336,0,0.00211713,0.00305328,
0.357194,0,0.696446,1.0044,0,0,0.477748,0,0,0.0157126,0,0.463106,0.538335,0.53895,0,0,0.00228411,0.239404,0.439385,0.368172,0.368172,0,0.123935,0.308405,0,0,0,0.0011044,0,0.173397,0,0.535788,0,0,0,0.121064,0.00135098,0,0.132094,0.337929,7.33314e-05,0.451039,0,0.277227,0.0449999,0,0.47938,1.55183e-05,0.00714196,0.00113162,
0.353601,0,0.711897,1.00473,0,0,0.479603,0,0,0.0181078,0,0.464965,0.537604,0.538221,0,0,0.00388936,0.248835,0.444564,0.365023,0.365023,0,0.129363,0.310168,0,0,0,5.13146e-05,0,0.154638,0,0.435696,0,0,0,0.108138,6.62362e-05,0,0.12472,0.326505,0.000195963,0.443772,0,0.166867,0.0370585,0,0.455761,0.000296139,0.0291879,0.000789706,
0.348092,0,0.730605,1.00488,0,0,0.481668,0,0,0.0195516,0,0.467035,0.536982,0.537601,0,0,0.00278931,0.264726,0.441602,0.349741,0.349741,0,0.130418,0.308955,0,7.87165e-06,0,0,0,0.135679,0,0.312534,0,0,0,0.0806588,3.05941e-05,0,0.11197,0.307815,7.33314e-05,0.43985,0,0.039712,0.0277937,0,0.420664,0.000791401,0.0490326,0.00209705,
0.341153,0,0.74399,1.00502,0,0,0.485108,0,0,0.0246942,0,0.470483,0.536419,0.537042,0,0,0.00503993,0.28337,0.44103,0.324975,0.324975,0,0.125804,0.303338,0,0.000150216,0,0,0,0.109899,0,0.202373,0,0,0,0.0511468,0.000677663,0,0.101606,0.288872,3.84273e-06,0.420694,0,0.0053527,0.0263351,0,0.387393,0.000296139,0.0577702,0.00375813,
0.336938,0,0.741533,1.00493,0,0,0.48938,0,0,0.03044,0,0.474765,0.535621,0.536249,0,0,0.00568865,0.284583,0.439455,0.295953,0.295953,0,0.11676,0.293047,0,0.000401425,0,0,0,0.0743316,0,0.116567,0,0,0,0.0267456,0.00347637,0,0.0964074,0.269359,0,0.392096,0,0.000217531,0.0231997,0,0.359026,1.55183e-05,0.0582538,0.0147797,
0.343751,0,0.723045,1.00474,0,0,0.490522,0,0,0.0362337,0,0.47591,0.534582,0.53521,0,0,0.00280967,0.258209,0.4322,0.279068,0.279068,0,0.104447,0.280838,0,0.000150216,0,0,0,0.0497076,0,0.0485205,0,0,0,0.00813022,0.00795495,0,0.100518,0.249383,0,0.373247,0,0,0.01685,0,0.354314,0,0.0577352,0.0319487,
0.352621,0,0.698425,1.00488,0,0,0.489958,0,0,0.0435711,0,0.475345,0.535097,0.535725,0,0,0.000600712,0.246789,0.436149,0.276089,0.276089,0,0.0920201,0.269832,0,7.87165e-06,0,0,0,0.0364083,0,0.0135114,0,0,0,0.00106987,0.0123587,0,0.111696,0.238958,0,0.370313,1.82627e-05,0,0.00905309,0,0.384277,0,0.0518616,0.0423894,
0.359264,0,0.67064,1.005,0,0,0.491018,0,0,0.0469012,0,0.476408,0.535763,0.536393,0,0,0.00089241,0.255512,0.448851,0.278895,0.278895,0,0.0857397,0.263984,0,0,0,0,0,0.0286588,0,0.00199398,0,0,0,6.26507e-05,0.0176927,0,0.116555,0.238601,0,0.377508,0.000348513,0,0.00212669,0,0.428376,0,0.0418272,0.0434631,
0.369646,0,0.632455,1.00494,0,0,0.492991,0,0,0.0442278,0,0.478385,0.534752,0.535383,0,0,0.00231853,0.230281,0.45468,0.284738,0.284738,0,0.0785106,0.262275,0,0,0,0,0,0.0290108,0,0.00011157,0,0,0,0.0004133,0.0202008,0,0.124515,0.237852,0,0.390694,0.000931378,0,0.000101548,0,0.466718,0,0.0291244,0.0471558,
0.381336,0,0.583902,1.00479,0,0,0.494609,0,0,0.0394145,0,0.480007,0.532546,0.533177,0,0,0.000867324,0.217931,0.44975,0.292665,0.292665,0,0.0754266,0.2643,0,0,0,0,0,0.0314811,0,7.89245e-05,0,0,0,0.00110454,0.0196118,0,0.135072,0.23897,0,0.400839,0.000348513,0,0,0,0.500542,0,0.0228315,0.0518311,
0.385373,0,0.528176,1.00469,0,0,0.496518,0,0,0.0319516,0,0.481922,0.529345,0.529975,0,0,4.54473e-05,0.222574,0.439787,0.301464,0.301464,0,0.0782151,0.267687,0,0,0,0,0,0.0343891,0,2.95344e-05,0,0,0,0.0004133,0.0200023,0,0.142661,0.243009,0,0.404729,1.82627e-05,0,0,0,0.524235,7.06237e-05,0.0212605,0.0519411,
0.381716,0,0.476274,1.00459,0,0,0.498528,0,0,0.0272802,0,0.483936,0.52599,0.526618,0,0,0,0.218674,0.433911,0.310355,0.310355,0,0.0751979,0.271134,0,0,0,0,0,0.040794,0,1.54767e-06,0,0,0,4.48688e-05,0.0269443,0,0.148927,0.24418,0,0.409093,0,7.2145e-05,2.0782e-05,0,0.533943,0.00163481,0.0165391,0.0599719,
0.374371,0,0.43689,1.00457,0,0,0.502837,0,0,0.0313855,0,0.488256,0.521757,0.522386,0,0,0,0.222389,0.434333,0.315582,0.315464,0,0.0806701,0.2775,0,0,0,0.000150809,0,0.048227,0,0,0,0,0,0.000530701,0.0391264,0,0.14247,0.244664,0,0.408747,0,0.00140175,0.000396591,0,0.517682,0.00959864,0.0196032,0.0718244,
0.365494,0,0.415362,1.00479,0,0,0.506708,0,0,0.0433095,0,0.492137,0.518268,0.518897,0,0,6.92115e-05,0.226313,0.440798,0.30986,0.307575,0,0.104639,0.285774,0,3.77384e-05,0,0.00301888,0,0.0495439,0,0,0,0,0,0.00293207,0.0489906,0,0.12691,0.243868,0,0.398381,0,0.00417564,0.00105988,0,0.482244,0.0258283,0.0352534,0.0800501,
0.35578,0,0.411428,1.00498,0,0,0.507375,0,0,0.0591403,0,0.492805,0.518024,0.518653,0,0,0.00132094,0.227831,0.453434,0.292488,0.286133,0,0.130982,0.285789,0,0.000720195,0,0.0103816,0,0.038557,0,0,0,0,0,0.00631035,0.0556084,0,0.0985481,0.237719,0,0.394325,0,0.00302391,0.000396591,0,0.456181,0.0362869,0.0457105,0.0880405,
0.347418,0,0.416622,1.00512,0,0,0.506542,0,0,0.0740094,0,0.49197,0.518527,0.519156,0,0,0.00353271,0.215601,0.45874,0.27245,0.270157,0,0.148379,0.275041,0,0.00192502,0,0.0100022,0,0.0174087,0,0,0,0,0,0.00541894,0.0590652,0,0.0731282,0.226249,0,0.394171,0,0.00156558,4.41786e-05,0,0.448463,0.0259328,0.0580143,0.105503,
0.343279,0,0.418317,1.00521,0,0,0.505262,0,0,0.0822367,0,0.490687,0.51852,0.519148,0,0,0.00132094,0.200388,0.455763,0.266119,0.266,0,0.15661,0.260057,0,0.000720195,0,0.00280605,0,0.00575412,0,0,0,0,0,0.00173486,0.0635194,0,0.0564262,0.211034,0,0.389823,0,0.000406525,0.000446486,0,0.452455,0.0105812,0.0727349,0.129195,
0.346433,0,0.41259,1.00515,0,0,0.504257,0,0,0.083116,0,0.489679,0.518413,0.519039,0,0,6.92115e-05,0.187159,0.452723,0.268635,0.268635,0,0.166344,0.250575,0,3.77384e-05,0,0.000139061,0,0.00289505,0,0,0,0,0,0.00171801,0.070015,0,0.0449408,0.2035,0,0.377805,0,2.00031e-05,0.00119325,0,0.468602,0.00221575,0.0935584,0.139338,
0.351588,0,0.406697,1.00513,0,0,0.504137,0,0,0.0810602,0,0.489559,0.519176,0.519802,0,0,3.49864e-05,0.187449,0.452196,0.275017,0.275017,0,0.182424,0.247658,0,0,0,0,0,0.00229194,0,0,0,0,0,0.00417526,0.0788171,0,0.0269938,0.200531,0,0.371571,0,1.3823e-05,0.000446486,0,0.485458,0.00388884,0.109677,0.128521,
0.354329,0,0.409121,1.00513,0,0,0.504171,0,0,0.0816962,0,0.489593,0.521813,0.522443,0,0,0.000667673,0.205276,0.459954,0.279624,0.279624,0,0.201719,0.248006,0,0,0,0,0,0.0050369,0,8.10504e-05,0,0,0,0.00549134,0.0839436,0,0.00656205,0.199857,0,0.372837,0,0.000263787,2.33965e-05,0,0.502689,0.0161665,0.120493,0.10999,
0.356598,0,0.418791,1.00511,0,0,0.503925,0,0,0.0833027,0,0.489346,0.524584,0.525217,0,0,0.00178457,0.219598,0.466148,0.277505,0.277505,0,0.215647,0.24951,0,0,0,0,0,0.00503291,0,0.0016037,0,0,0,0.00623435,0.0846974,0,0.000316334,0.199729,0,0.375113,0,0.000704938,0,0,0.497483,0.028555,0.132223,0.103501,
0.372281,0,0.418886,1.00517,0,0,0.503459,0,0,0.0810062,0,0.488879,0.526804,0.527439,0.000293157,0,0.000667673,0.225116,0.462351,0.274859,0.274859,0,0.223949,0.254416,0,0,0,0,0,0.00472611,0,0.00522067,0,0,0,0.0058666,0.0868466,0,0,0.198599,0,0.376452,0,0.000263787,0,0,0.483945,0.034185,0.142189,0.10013,
0.415564,0,0.383496,1.00513,0,0,0.501148,0,0,0.0738675,0,0.486562,0.533555,0.534195,0.0056073,0,3.49864e-05,0.2075,0.459367,0.283299,0.283299,0,0.232763,0.261691,0,0,0,0,0,0.0106452,0,0.004442,0,0,0,0.00354867,0.096111,0,0,0.199194,0,0.385991,0,0.000110706,0,0,0.496849,0.0306048,0.149825,0.0869221,
0.500326,0,0.317647,1.00492,0,0,0.495561,0,0,0.0667998,0,0.480961,0.548921,0.549572,0.0152016,0,0,0.0384083,0.473638,0.304176,0.304176,0,0.254369,0.27543,0,0,0,0,0,0.0215213,0,0.00116351,0,0,0,0.00470817,0.119697,0,0,0.200309,0,0.402907,0,0.00194273,0,0,0.595399,0.0141472,0.16764,0.046654,
0.521195,0,0.25449,1.00493,0,0,0.493338,0,0,0.065845,0,0.478733,0.555353,0.556009,0.0056073,0,0,0.0563189,0.47978,0.315205,0.315205,0,0.28935,0.292778,0,0,0,0,0,0.0188457,0,5.67175e-05,0,0,0,0.0157572,0.147764,0,0,0.204465,0.000146891,0.40286,0,0.00675135,0.000275604,0,0.695012,0.0079209,0.179698,0.0101383,
0.520487,0,0.213358,1.00493,0,0,0.493505,0,0,0.064081,0,0.478901,0.556322,0.556979,0.000293157,0,7.29915e-06,0.100085,0.476224,0.313235,0.313235,0,0.328036,0.30917,0,0,0,0,0,0.00747413,0,0,0,0,0,0.0222808,0.167444,0,0,0.207643,0.00293036,0.393453,0,0.00697169,0.00527411,0,0.729226,0.00552408,0.188349,0.000478745,
0.517537,0,0.19896,1.00461,0,0,0.495069,0,0,0.0545611,0,0.480467,0.555639,0.556298,0,0,0.000139291,0.111317,0.474074,0.307059,0.307059,0,0.365006,0.319221,0,0,0,0,0,0.00295733,0,0,0,0,0,0.0143238,0.173143,0,0,0.209265,0.00999596,0.368957,0,0.00281932,0.0143524,0,0.732849,0.00148413,0.197628,0,
0.509841,0,0.206785,1.00458,0,0,0.496601,0,0,0.0391708,0,0.482004,0.553798,0.554457,0,0,0.000372229,0.11896,0.468945,0.304914,0.304914,0,0.389773,0.321877,0,0,0,0,0,0.00200591,0,0,0,0,0,0.00361987,0.172108,0,0,0.203917,0.0107125,0.355619,0,0.000444744,0.00575524,0,0.714715,0.00019565,0.202638,0,
0.493267,0,0.231768,1.00442,0,0,0.497495,0,0,0.0264761,0,0.4829,0.550156,0.550812,0,0,0.000139291,0.128901,0.467444,0.303377,0.303377,0,0.408321,0.315634,0,0,0,0,0,0.00335035,0,6.19704e-06,0,0,0,0.000284952,0.165824,0,0,0.200826,0.00652618,0.340342,0,1.8411e-05,0.00109857,0,0.686064,0.00268405,0.199699,3.13252e-05,
0.468134,0,0.268914,1.00416,0,0,0.498351,0,0,0.0190528,0,0.483757,0.5466,0.547252,0,0,7.29915e-06,0.147689,0.462339,0.303011,0.303011,0,0.418879,0.303334,0,0,0,0,0,0.00125219,0,0.000123486,0,0,0,9.01156e-05,0.157349,0,0,0.197734,0.00161345,0.331638,0,0,0.0002833,0,0.655755,0.0136854,0.187834,0.000597799,
0.446975,0,0.310421,1.00413,0,0,0.499317,0,0,0.0148822,0,0.484726,0.544199,0.54485,0,0,0,0.168753,0.447517,0.306676,0.306676,0,0.417492,0.288117,0,0,0,0,0,0.000399374,0,0.000837254,0,0,0,5.13248e-05,0.150181,0,0,0.197845,7.79579e-05,0.332044,0,0.000253048,1.46363e-05,0,0.626256,0.0368211,0.16785,0.00159775,
0.436564,0,0.348862,1.00411,0,0,0.499875,0,0,0.0141476,0,0.485285,0.543109,0.543759,0,0,0,0.175221,0.439853,0.314124,0.314124,0,0.409114,0.27246,0,0,0,0,0,0.00221085,0,0.00953437,0,0,0,5.45911e-05,0.147403,0,0,0.204017,0,0.334366,0,0.00563947,0.000390173,0.000115255,0.604095,0.0711295,0.147871,0.000597799,
0.427995,0,0.382466,1.00414,0,0,0.500014,0,0,0.0216429,0,0.485425,0.542738,0.543388,0,0,0,0.171432,0.441893,0.313487,0.313487,0,0.397932,0.252549,0,0,0,0,0,0.00586502,0,0.0473825,0,0,0,9.6826e-05,0.152777,0,0,0.223764,0,0.320599,0,0.0307496,0.00791865,0.00220021,0.583252,0.0910318,0.13367,3.13252e-05,
0.41619,0,0.413912,1.00424,0,0,0.499792,0,0,0.0380233,0,0.485202,0.542857,0.543507,0,0,0,0.175688,0.443457,0.299597,0.299597,0,0.385921,0.226047,0,0,0,0,0,0.0062896,0,0.114755,0,0,0,0.00165595,0.172049,0,0,0.253327,0,0.287605,0,0.0845188,0.0294692,0.00589244,0.561263,0.0887181,0.124995,0,
0.403626,0.000373999,0.445297,1.00428,0,0,0.499069,0,0,0.0475105,0,0.484477,0.54371,0.544359,0,0,0,0.185986,0.4445,0.30668,0.30668,0,0.374529,0.200982,0,0,0,0,0,0.00261806,0,0.170362,0,0,0,0.00801706,0.195992,0,6.51512e-06,0.266471,0,0.286403,0,0.158491,0.0393123,0.00220021,0.546444,0.0783852,0.121191,0,
0.394164,0.00787735,0.477714,1.00401,0,0,0.496092,0,0,0.0271899,0,0.481493,0.546081,0.546729,0,0,0,0.18877,0.437092,0.322664,0.322664,0,0.368313,0.182822,0,0,0,0,0,0.00508156,0,0.20976,0,0,0,0.0222603,0.20855,0,0.000124329,0.264301,0,0.306884,0,0.223368,0.0396425,0.000115255,0.539734,0.0535005,0.112602,0,
0.386773,0.034729,0.512034,1.00318,0,0,0.489266,0,0,0.00587774,0,0.474651,0.551101,0.551746,0,0,0,0.185264,0.380759,0.33584,0.33584,0,0.363776,0.176893,0,0,0,0,0,0.0149561,0,0.245475,0,0,0,0.0483058,0.200208,0,0.000332246,0.256991,0,0.32443,0,0.252513,0.0355658,0,0.519782,0.0279137,0.100949,0,
0.377824,0.0618785,0.548314,1.00277,0,0,0.482783,0,0,0.000274233,0,0.468153,0.556393,0.557036,0,0,0,0.211938,0.350003,0.341639,0.341639,0,0.354677,0.181744,0,0,0,0,0,0.02736,0,0.276222,0,0,0,0.0695392,0.18487,0,0.000124329,0.244408,0,0.344278,0,0.255356,0.0236138,0,0.476165,0.0470256,0.0982897,0,
0.364977,0.0690584,0.583571,1.00279,0,0,0.479835,0,0,0,0,0.465198,0.556293,0.556931,0,0,0,0.240803,0.352074,0.343372,0.343372,0,0.341716,0.18757,0,0,0,0,0,0.0432751,0,0.307439,0,0,0,0.0828344,0.174836,0,6.51512e-06,0.227509,0,0.358234,0,0.25791,0.00984911,0,0.431208,0.0897199,0.0949112,2.55492e-05,
0.3537,0.0596941,0.585077,1.00297,0,0,0.474587,0,0,8.37234e-05,0,0.459938,0.54968,0.550304,0.000479326,0,0,0.248428,0.361901,0.342331,0.342331,0,0.326253,0.186397,0,0,0,0,0,0.0610834,0,0.340041,0,0,0,0.0944332,0.171887,0,0,0.211612,0,0.364755,0,0.260503,0.00194585,0,0.395046,0.124321,0.0809334,0.000487568,
0.377981,0.0331932,0.481239,1.00351,0,0,0.463947,0,0,0.00197525,0,0.449274,0.543483,0.544086,0.00920562,0,0,0.182883,0.398906,0.348729,0.348729,0,0.310228,0.182308,0,0,0,0,0,0.0790102,0,0.36287,0,0,0,0.0870052,0.180189,0,0,0.20765,0,0.373404,0,0.258772,0.000709203,0,0.416068,0.12193,0.063727,0.00130306,
0.449763,0.0076749,0.365487,1.00425,0,0,0.459264,0,0,0.0115494,0,0.44458,0.542172,0.542767,0.025606,0,0,0.0510183,0.441395,0.366939,0.366939,0,0.309059,0.183706,0,0,0,0,0,0.0949382,0,0.37071,0,1.25799e-06,0,0.0614162,0.198614,0,0,0.21924,0,0.383027,0,0.269299,0.00166413,0,0.520727,0.0914192,0.0522884,0.000487568,
0.444684,0.00273947,0.36369,1.00447,0,0,0.46657,0,0,0.0215649,0,0.451902,0.54045,0.541053,0.00920562,0,0,0.112464,0.448964,0.36854,0.36854,0,0.314463,0.185611,0,0,0,0,0,0.102544,0,0.377844,0,2.40064e-05,0,0.0450601,0.204072,0,2.94695e-06,0.230813,0,0.385637,0,0.28518,0.000622627,0,0.597766,0.0555871,0.0331513,3.43033e-05,
0.414857,0.00637703,0.401331,1.00415,0,0,0.47145,0,0,0.0124617,0,0.456793,0.536724,0.537329,0.000479326,0,0,0.188737,0.427291,0.358837,0.358837,0,0.316131,0.18063,0,0,0,0,0,0.100238,0,0.408472,0,6.41519e-05,0,0.0547888,0.198246,0,0.000105925,0.239401,0,0.376,0,0.299811,3.26261e-05,0,0.61067,0.031548,0.0120483,0.00019896,
0.399351,0.00238026,0.448477,1.00442,0,0,0.47517,0,0,0.0228173,0,0.460521,0.532347,0.532952,0,0,0,0.208788,0.434925,0.353571,0.353571,0,0.31361,0.172759,0,0,0,0,0,0.0948191,0,0.437464,0,2.40064e-05,0,0.0658919,0.183591,0,0.00112346,0.240694,1.72084e-05,0.369428,0,0.302754,6.54994e-05,0,0.591742,0.0268976,0.00241859,0.00114406,
0.398029,0.00012468,0.489298,1.00475,0,0,0.475933,0,0,0.0431511,0,0.461285,0.531028,0.531633,0,0,0,0.210975,0.443598,0.353435,0.353435,0,0.310912,0.169259,0,0,0,0,0,0.0909072,0,0.456279,0,1.25799e-06,0,0.0699447,0.166572,0,0.00313033,0.239307,0.000328394,0.369364,0,0.30004,0.00133211,0,0.56397,0.028513,0.00303154,0.00350852,
0.399888,0,0.51749,1.00494,0,0,0.475313,0,0,0.0590516,0,0.460664,0.531037,0.531641,0,0,0,0.215978,0.443151,0.35397,0.35397,0,0.308306,0.173373,0,0,0,0,0,0.0911348,0,0.476187,0,0,0,0.0756314,0.154153,0,0.00358432,0.239537,0.000877606,0.378904,0,0.29685,0.00503666,0,0.536651,0.0292296,0.0126863,0.00552728,
0.396678,0,0.538914,1.0051,0,0,0.474709,0,0,0.0653475,0,0.460058,0.531085,0.531688,0,0,0,0.220576,0.444467,0.351292,0.351292,0,0.306941,0.181163,0,0,0,0,0,0.0928427,0,0.501993,0,0,0,0.0852575,0.142993,0,0.00647321,0.24069,0.000328394,0.385476,0,0.297831,0.00807491,0,0.517393,0.0283383,0.0216924,0.0027649,
0.392671,0,0.556859,1.00514,0,0,0.474146,0,0,0.0643383,0,0.459493,0.531138,0.53174,0,0,3.4933e-05,0.222713,0.449094,0.354578,0.354578,0,0.30608,0.188964,0,0,0,0,0,0.0976617,0,0.519051,0,0,0,0.0898917,0.126853,0,0.0102332,0.242006,4.82249e-05,0.392558,0,0.3001,0.0122501,0,0.503454,0.0279948,0.0197112,0.000560806,
0.393451,0,0.567844,1.00507,0,0,0.473618,0,0,0.0623814,0,0.458964,0.531231,0.531833,0,0,0.000666654,0.221446,0.448976,0.362301,0.362301,0,0.30345,0.196709,0,0,0,0,0,0.106062,0,0.532742,0,0,0,0.0907772,0.113225,0,0.0135892,0.244096,0.000596884,0.403745,0,0.296136,0.0170799,0,0.498995,0.0288495,0.0197518,0.000405689,
0.394557,0,0.574309,1.00509,0,0,0.47309,0,0,0.0595991,0,0.458434,0.531155,0.531756,0,0,0.00178185,0.223433,0.455607,0.368066,0.368066,0,0.299189,0.203755,0,0,0,0,0,0.115073,0,0.541139,0,0,0,0.0839645,0.103339,0,0.0247059,0.248229,0.00167698,0.421547,0,0.287021,0.0189031,0,0.496385,0.0234234,0.0237647,0.000957568,
0.391853,0,0.574426,1.00501,0,0,0.472908,0,0,0.0522494,0,0.458252,0.531189,0.53179,0,0,0.000666654,0.232283,0.456027,0.370307,0.370307,0,0.295057,0.210632,0,0,0,0,0,0.122243,0,0.551147,0,0,0,0.0757277,0.0988123,0,0.0330978,0.253456,0.000845798,0.434514,0,0.272899,0.0213888,0,0.512879,0.0139745,0.0251727,0.000357761,
0.375215,0,0.566745,1.00479,0,0,0.473303,0,0,0.0348694,0,0.458648,0.531268,0.53187,0,0,3.4933e-05,0.240294,0.453069,0.371972,0.371972,0,0.289976,0.219386,0,0,0,0,0,0.128896,0,0.561885,0,0,0,0.0673479,0.0987917,0,0.0397192,0.260515,0.000126017,0.445111,0,0.253903,0.0260889,0,0.542603,0.00349583,0.0263864,1.87473e-05,
0.33247,0,0.554299,1.00466,0,0,0.474204,0,0,0.0162035,0,0.45955,0.531089,0.531692,0,0,5.54544e-05,0.244936,0.459282,0.364192,0.364192,0,0.282947,0.222474,0,0,0,0,0,0.126681,0,0.550952,0,0,0,0.0592156,0.101176,0,0.0439073,0.257005,4.97823e-06,0.44784,0,0.229581,0.0289496,0,0.555043,0.000169608,0.03251,0,
0.2853,0,0.537474,1.00472,0,0,0.475747,0,0,0.0105789,0,0.461096,0.530678,0.531283,0,0,0.00105833,0.243035,0.458929,0.365058,0.365058,0,0.276973,0.225863,0,0,0,0,0,0.123508,0,0.48334,0,0,0,0.0440768,0.101648,0,0.0394088,0.239854,0,0.443487,0,0.164153,0.0335404,0,0.560898,0,0.051173,0,
0.264202,0,0.515252,1.00471,0,0,0.477591,0,0,0.017182,0,0.462944,0.530116,0.530722,0,0,0.00282959,0.23722,0.451927,0.351801,0.351801,0,0.275147,0.231338,0,0,0,0,0,0.102796,0,0.384521,0,0,0,0.0239199,0.103475,0,0.0315063,0.212908,0,0.430534,0,0.0627254,0.0328884,0,0.560922,0,0.0816388,0,
0.257558,0,0.48878,1.00495,0,0,0.479627,0,0,0.0369561,0,0.464985,0.529675,0.530283,0,0,0.00105833,0.236885,0.458249,0.321402,0.321402,0,0.273359,0.236291,0,0,0,0,0,0.0609263,0,0.276214,0,0,0,0.00949042,0.110663,0,0.0213017,0.184545,0,0.402068,0,0.01177,0.0260021,0,0.55547,0,0.109183,0,
0.259747,0,0.463249,1.00493,0,0,0.482004,0,0,0.0636634,0,0.467367,0.529571,0.530182,0,0,5.54544e-05,0.241517,0.449998,0.301785,0.301785,0,0.263505,0.239286,0,0,0,0,0,0.0250597,0,0.171927,0,0,0,0.00199194,0.121943,0,0.00698818,0.158468,0,0.384372,0,0.000547451,0.0132343,0,0.549302,0,0.128737,0,
0.263298,0,0.449115,1.00486,0,0,0.484418,0,0,0.0843355,0,0.469787,0.529754,0.530368,0,0,0,0.239817,0.446004,0.292126,0.292126,0,0.255,0.239674,0,0,0,6.75292e-05,0,0.0064924,0,0.121348,0,0,0,0.00100375,0.134964,0,0.000845496,0.147244,0,0.372655,0,2.99551e-05,0.00302594,0,0.534936,0,0.133583,0,
0.262807,0,0.453394,1.00485,0,0,0.486784,0,0,0.0964353,0,0.472158,0.530556,0.531174,0,0,0,0.242039,0.453323,0.281894,0.281894,0,0.253773,0.237397,0,0,0,0.00128883,0,0.000842326,0,0.0908393,0,0,0,0.00616149,0.144274,0,3.03552e-05,0.143563,0,0.374923,0,0.000571652,0.000193872,0,0.514775,0,0.128823,9.10927e-06,
0.259245,0,0.470768,1.00507,0,0,0.488763,0,0,0.102066,0,0.474141,0.531981,0.532604,0,0,0,0.245512,0.455523,0.270734,0.270734,0,0.255456,0.23284,0,0,0,0.00344669,0,3.25868e-05,0,0.0740143,0,0,0,0.0166589,0.149378,0,0,0.140972,0,0.382382,0,0.00152784,3.14409e-06,0,0.494231,0,0.12098,0.000191005,
0.25382,0,0.490653,1.00517,0,0,0.490526,0,0,0.105558,0,0.475909,0.533171,0.533797,0,0,0,0.244134,0.458801,0.264993,0.264993,0,0.255121,0.228396,0,0,0,0.00128883,0,5.34254e-05,0,0.0654179,0,0,0,0.0189454,0.148663,0,0,0.14014,0,0.383882,0,0.000571652,0,0,0.478427,4.98347e-05,0.116379,0.000792218,
0.247839,0,0.508673,1.00514,0,0,0.492503,0,0,0.116015,0,0.47789,0.534022,0.534652,0,0,7.90481e-05,0.245988,0.465723,0.265728,0.265728,0,0.253806,0.22175,0,4.24297e-05,0,6.75292e-05,0,0.00106635,0,0.0602286,0,0,0,0.013916,0.145428,0,0,0.143939,0,0.387781,0,2.99551e-05,0,0,0.460054,0.000951067,0.104707,0.00107456,
0.243199,0,0.524015,1.00514,0,0,0.494368,0,0,0.134117,0,0.47976,0.53461,0.535243,0,0,0.0016117,0.248661,0.46381,0.266409,0.266409,0,0.254534,0.215324,0,0.00089507,0,0,0,0.00370142,0,0.0558544,0,0,0,0.00817055,0.139822,0,0,0.151036,0,0.393897,0,0,0,0,0.439517,0.00254256,0.0945909,0.000960509,
0.239175,0,0.530956,1.00509,0,0,0.495984,0,0,0.149263,0,0.48138,0.534564,0.535199,0,0,0.00609529,0.251849,0.462013,0.263286,0.263266,0,0.253404,0.210179,0,0.00385091,0,4.68613e-05,0,0.00499494,0,0.0504081,0,0,0,0.0036427,0.132924,0,0,0.156553,0,0.397469,0,3.58195e-05,0,0,0.428048,0.000951067,0.0921116,0.00423415,
0.237319,0,0.527921,1.00519,0,0,0.49743,0,0,0.153429,0,0.48283,0.5336,0.534236,0,0,0.00856597,0.260966,0.467824,0.259109,0.258725,0,0.248637,0.205565,0,0.00625551,0,0.000894314,0,0.00519763,0,0.0431278,0,0,0,0.00297196,0.131418,0,0,0.163066,0,0.399832,0,0.000706145,0,0,0.420399,4.98347e-05,0.0876332,0.0110921,
0.236231,0,0.517831,1.00545,0,0,0.498638,0,0,0.143997,0,0.48404,0.532475,0.533111,0,0,0.00728883,0.255558,0.469357,0.251387,0.25035,0,0.244877,0.197331,0,0.00467422,0,0.00239072,0,0.0016363,0,0.0356431,0,0,0,0.00898126,0.134222,0,0,0.168635,0,0.405077,0,0.00225779,9.09308e-06,0,0.412206,0.000131457,0.0813368,0.0136756,
0.237748,0,0.50196,1.00542,0,0,0.499589,0,0,0.128982,0,0.484994,0.531516,0.532152,0,0,0.00321829,0.255405,0.46704,0.249288,0.2489,0,0.244765,0.192321,0,0.00144605,0,0.000894314,0,8.32804e-05,0,0.0310417,0,0,0,0.0153231,0.136161,0,0,0.172931,3.22342e-05,0.408943,0,0.00183478,0.000239716,0,0.401889,0.00273122,0.0801889,0.0120069,
0.241365,0,0.485234,1.00518,0,0,0.500251,0,0,0.116531,0,0.485657,0.530812,0.531448,0,0,0.000595049,0.267579,0.467096,0.250456,0.250436,0,0.248662,0.192797,0,0.000160249,0,4.68613e-05,0,5.39507e-05,0,0.028124,0,0,0,0.0214094,0.1307,0,0,0.174222,0.000629363,0.407467,0,0.000466548,0.00184358,0,0.39378,0.0111007,0.0836055,0.00732021,
0.247408,0,0.472675,1.00517,0,0,0.500493,0,0,0.106973,0,0.4859,0.530262,0.530897,0,0,2.63158e-05,0.258205,0.463116,0.250853,0.250853,0,0.252449,0.194683,0,2.74002e-05,0,0,0,0.00102963,0,0.0224235,0,0,0,0.0225718,0.119817,0,0,0.172076,0.00191538,0.397524,0,2.25708e-05,0.00612185,3.95282e-05,0.396646,0.0163499,0.0958371,0.00265966,
0.258309,0,0.455247,1.00535,0,0,0.5,0,0,0.101032,0,0.485406,0.527994,0.528626,0,0,0,0.216724,0.459352,0.247329,0.247329,0,0.25121,0.191166,0,0.000473634,0,0,0,0.00275278,0,0.00635162,0,0,0,0.0108348,0.111536,0,0,0.165688,0.00134017,0.373172,0,0,0.0139264,0.000767041,0.421275,0.0110072,0.106296,0.002992,
0.273068,0,0.434007,1.00544,0,0,0.499634,0,0,0.0958962,0,0.485039,0.522593,0.523218,0,0,8.23619e-05,0.185102,0.459037,0.237705,0.237705,0,0.254708,0.182243,0,0.00226439,0,0,0,0.00102963,0,0.000316557,0,0,0,0.00226611,0.115995,0,3.74289e-05,0.155125,0.000330546,0.318266,0,0,0.0214662,0.00225843,0.469282,0.00269584,0.107747,0.00269793,
0.281709,0,0.428536,1.0052,0,0,0.500693,0,0,0.0899451,0,0.4861,0.521309,0.521934,0,0,0.00157201,0.207324,0.45993,0.230461,0.230461,0,0.262416,0.169787,0,0.00526709,0,0,0,7.01709e-05,0,0,0,0,0,0.000826371,0.126852,0,0.000714572,0.147098,0.000530018,0.295544,0,0,0.0114054,0.00140144,0.500493,0.000208991,0.104823,0.000744033,
0.285419,0,0.436348,1.00491,0,0,0.502548,0,0,0.084888,0,0.48796,0.521619,0.522247,0,0,0.00420553,0.227468,0.45814,0.226055,0.226055,0,0.266228,0.165865,0,0.0066271,0,0,0,0.0004298,0,0,0,0,0,0.00167228,0.132904,0,0.0019874,0.143588,0.00137854,0.295297,0,0,0.00534154,0.000281641,0.515689,0.00183015,0.11092,3.67232e-05,
0.286798,0,0.441108,1.0048,0,0,0.503987,0,0,0.0797121,0,0.489402,0.521764,0.522394,0,0,0.00157201,0.233751,0.450357,0.229928,0.229928,0,0.268151,0.168423,0,0.00213529,0,0,0,0.00317575,0,0,0,0,0,0.00586617,0.129301,0,0.00220641,0.143767,0.000515802,0.312877,0,0,0.00159367,1.26872e-05,0.513888,0.0105571,0.117873,9.04837e-05,
0.285508,0,0.437729,1.00475,0,0,0.50464,0,0,0.0736604,0,0.490057,0.522407,0.523038,0,0,8.23619e-05,0.240132,0.441583,0.239973,0.239973,0,0.26937,0.172123,0,0.000116647,0,0,0,0.00744124,0,2.49074e-05,0,0,0,0.0082786,0.122718,0,0.00546847,0.149422,2.70287e-05,0.326549,0,0,0.00252526,0,0.506906,0.0268888,0.116927,0.00180874,
0.282582,0,0.432794,1.00458,0,0,0.505084,0,0,0.0636227,0,0.490501,0.523877,0.524511,0,0,0,0.238957,0.440925,0.249107,0.249107,0,0.273638,0.168992,0,0.000145559,0,0,0,0.00494694,0,0.00047532,0,0,0,0.00508133,0.118324,0,0.00597188,0.157115,0,0.330084,0,0,0.0102353,0,0.500103,0.0384615,0.108715,0.00617972,
0.282271,0,0.431674,1.0043,0,0,0.506626,0,0,0.0516779,0,0.492047,0.525009,0.525646,0,0,0,0.243711,0.436653,0.257528,0.257528,0,0.282387,0.165661,0,0.000388979,0,0,0,0.00110487,0,0.00130175,0,0,0,0.00424011,0.116815,0,0.0017858,0.163226,0,0.331024,0,0,0.0143929,0,0.500109,0.0435381,0.100488,0.00589561,
0.282554,0,0.438544,1.00414,0,0,0.508075,0,0,0.0457858,0,0.493499,0.526174,0.526815,0,0,0,0.250508,0.427314,0.266521,0.266521,0,0.286914,0.171468,0,0.000145559,0,0,0,5.15908e-05,0,0.00115075,0,0,0,0.00744762,0.116685,0,8.97495e-05,0.166546,0,0.337333,0,0,0.00667098,0,0.505431,0.0549916,0.0926868,0.00168631,
0.27876,0,0.455164,1.00454,0,0,0.508158,0,0,0.0441929,0,0.493583,0.527508,0.52815,0,0,0,0.258225,0.424026,0.273531,0.273531,0,0.287309,0.181557,0,7.6276e-06,0,0,0,0.000126243,0,0.00307245,0,0,0,0.0180742,0.114241,0,6.6935e-05,0.166794,0,0.34954,0,0,0.00120669,0,0.503249,0.0773851,0.0869084,0.000944781,
0.274876,0,0.477174,1.00472,0,0,0.507356,0,0,0.0416673,0,0.492779,0.528806,0.529449,0,0,0,0.256023,0.42967,0.271964,0.271964,0,0.283226,0.188643,0,0,0,0,0,0.00252275,0,0.00449919,0,0,0,0.0280935,0.109411,0,0.00134453,0.162046,0,0.361548,0,0,0.00223251,0,0.492662,0.0913599,0.0848622,0.004661,
0.275279,0,0.494582,1.00474,0,0,0.506379,0,0,0.0360378,0,0.491799,0.53058,0.531224,0,0,0,0.239906,0.441497,0.269172,0.269172,0,0.273627,0.190571,0,6.99007e-06,0,0,0,0.00876454,0,0.00219443,0,0,0,0.0197947,0.102514,0,0.00477571,0.153437,0,0.37001,0,0,0.00781442,0,0.500111,0.0879038,0.0831324,0.00930969,
0.281659,0,0.500793,1.00455,0,0,0.506077,0,0,0.0354505,0,0.491497,0.531788,0.532432,0,0,0,0.248975,0.437834,0.269677,0.269677,0,0.266513,0.191405,0,0.000213326,0,0,0,0.0112665,0,0.00202289,0,0,0,0.0127705,0.0962407,0,0.00623827,0.149349,0,0.377117,0,0,0.00940483,0.000123927,0.512083,0.0764493,0.0814723,0.00709072,
0.288861,0,0.497676,1.0046,0,0,0.506301,0,0,0.0466698,0,0.491721,0.532154,0.5328,0,0,0,0.252686,0.437573,0.265788,0.265788,0,0.263639,0.192339,0,0.0018883,0,0,0,0.0119733,0,0.000797115,0,0,0,0.00543873,0.0948783,0,0.00574529,0.151532,8.6942e-05,0.365663,0,0,0.0152396,0.00242022,0.512214,0.0543165,0.0774713,0.00299831,
0.294422,0,0.487149,1.00485,0,0,0.506399,0,0,0.0663129,0,0.491819,0.531696,0.532341,0,0,0,0.234455,0.439301,0.247548,0.247548,0,0.265812,0.193954,0,0.00432851,0,0,0,0.00747695,0,6.7442e-05,0,0,0,0.00100098,0.101369,0,0.00246804,0.153472,0.00172373,0.308071,0,0,0.0421525,0.00737319,0.49716,0.0239849,0.0794355,0.00440473,
0.295931,0,0.475685,1.00519,0,0,0.505898,0,0,0.0869315,0,0.491317,0.531332,0.531976,0,0,0,0.210634,0.44172,0.23455,0.23455,0,0.262191,0.197128,0,0.00183818,0,0,0,0.00178218,0,0.000794499,0,0,0,0.00075017,0.112827,0,0.000408575,0.138812,0.00566604,0.284855,0,0.000251891,0.0551963,0.00513999,0.48124,0.00494731,0.0971516,0.0152871,
0.296067,0,0.47158,1.00526,0,0,0.505662,0,0,0.0958591,0,0.491081,0.531498,0.532142,0,0,0,0.207482,0.446826,0.238112,0.238112,0,0.249578,0.197754,0,0.00019421,0,0,0,9.45836e-05,0,0.0166221,0,0,0,0.00280876,0.123481,0,1.72321e-05,0.12417,0.0049393,0.295935,0,0.00588082,0.0463615,0.00116045,0.483678,0.000296301,0.117938,0.0209727,
0.298833,0,0.482124,1.00492,0,0,0.50622,0,0,0.0870042,0,0.49164,0.532979,0.533626,0,0,2.01272e-05,0.221964,0.452787,0.251497,0.251497,0,0.236194,0.192956,0,5.98833e-06,0,0,0,0.000352206,0,0.0879676,0,0,0,0.00914296,0.136616,0,2.15197e-05,0.138026,0.00131307,0.294618,0,0.0373658,0.0393455,5.431e-05,0.491099,8.46563e-05,0.127636,0.0130584,
0.290174,0.000495356,0.509771,1.00457,0,0,0.50686,0,0,0.0600175,0,0.492282,0.536735,0.537387,0,0,0.000384094,0.228993,0.452102,0.265796,0.265796,0,0.224126,0.187648,0,0,0,0,0,0.00412326,0,0.232048,0,0,0,0.0282576,0.143345,0,0.000446098,0.161479,6.42436e-05,0.302852,0,0.121041,0.0383445,0,0.479171,0.0015354,0.124566,0.00306196,
0.273902,0.0102057,0.542249,1.00409,0,0,0.506065,0,0,0.021228,0,0.491485,0.539471,0.540125,0,0,0.00102648,0.231495,0.426131,0.285191,0.285191,0,0.214871,0.189459,0,0,0,0,0,0.0166583,0,0.335147,0,0,0,0.0532986,0.139805,0,0.00196482,0.17453,0,0.326214,0,0.212414,0.040089,0,0.438974,0.00434143,0.111968,0.000455793,
0.268612,0.0408814,0.565795,1.00314,0,0,0.501508,0,0,0.00325811,0,0.486916,0.5387,0.539347,0,0,0.000384094,0.193591,0.379825,0.308893,0.308893,0,0.211082,0.200007,0,0,0,0,0,0.0350353,0,0.413762,0,0,0,0.0892741,0.130211,0,0.00598169,0.178357,0,0.344605,0,0.271918,0.0414084,0,0.392609,0.00655881,0.0950698,0.00275301,
0.263811,0.0593737,0.580503,1.00281,0,0,0.494522,0,0,0.000135169,0,0.479914,0.537991,0.538628,0,0,2.01272e-05,0.197325,0.363158,0.326483,0.326483,0,0.206368,0.215685,0,0,0,0,0,0.0569058,0,0.47398,0,0,0,0.122006,0.118656,0,0.0126222,0.181595,0,0.35749,0,0.29513,0.0416534,0,0.357875,0.0240883,0.0794606,0.00883459,
0.252488,0.0565011,0.593464,1.00317,0,0,0.490002,0,0,0,0,0.475383,0.539286,0.539919,0,0,0,0.260437,0.373824,0.326159,0.326159,0,0.19829,0.228317,0,0,0,0,0,0.0753428,0,0.512562,0,0,0,0.140438,0.109337,0,0.00940611,0.183035,0,0.370256,0,0.303838,0.0367994,0,0.337989,0.0514925,0.0670319,0.0118648,
0.239348,0.0456978,0.612278,1.00348,0,0,0.487088,0,0,0,0,0.472462,0.541108,0.541739,0,0,0,0.294122,0.386175,0.309573,0.309573,0,0.192957,0.235679,0,0,0,0,0,0.0785841,0,0.539078,0,0,0,0.152767,0.104288,0,0.0023245,0.185362,5.8404e-05,0.379079,0,0.3182,0.0211975,0,0.325893,0.0698007,0.0619451,0.0074816,
0.231231,0.0366761,0.639253,1.00364,0,0,0.485077,0,0,0,0,0.470447,0.542268,0.542898,0,0,0,0.306368,0.387038,0.288682,0.288666,0,0.190283,0.238877,0,0,0,0,0,0.0695319,0,0.560317,0,0,0,0.159985,0.103065,0,0.000111761,0.189049,0.00111463,0.38627,0,0.341587,0.00643749,0,0.324572,0.0680091,0.0622599,0.00182431,
0.233621,0.0334144,0.66464,1.00372,0,0,0.485069,0,0,0,0,0.470439,0.542229,0.542859,0,0,0,0.315808,0.394778,0.265893,0.26556,0,0.18129,0.233109,0,0,0,0,0,0.0528311,0,0.571964,0,0,0,0.162041,0.108274,0,0.000237704,0.189239,0.00298029,0.391621,0,0.369651,0.00113525,0,0.32349,0.0482231,0.0594274,0.00128433,
0.247695,0.0331317,0.662045,1.00367,0,0,0.48657,0,0,0,0,0.471943,0.541649,0.54228,0,0,0,0.303574,0.398963,0.251458,0.250541,0,0.164642,0.22078,0,0,0,0,0,0.0371029,0,0.582916,0,0,0,0.159176,0.111894,0,0.00480695,0.189637,0.00111463,0.384769,0,0.386772,0.00545446,0,0.340542,0.0190796,0.0423455,0.00664809,
0.268727,0.0284069,0.622391,1.00373,0,0,0.482946,0,0,0,0,0.468311,0.54142,0.542046,0,0,0,0.239426,0.423352,0.25801,0.257673,0,0.144549,0.209859,0,0,0,0,0,0.0356657,0,0.59657,0,0,0,0.147119,0.110179,0,0.017539,0.196183,5.8404e-05,0.380097,0,0.381445,0.0206893,0,0.408492,0.00335284,0.0305243,0.0163521,
0.284015,0.0311576,0.573081,1.00363,0,0,0.48167,0,0,0,0,0.467031,0.539342,0.539964,0,0,0,0.206591,0.428098,0.274219,0.274202,0,0.132287,0.203606,0,0,0,2.283e-05,0,0.0446118,0,0.612289,0,0,0,0.131295,0.103607,0,0.022745,0.210882,0,0.384134,0,0.372297,0.0319779,0,0.46409,0.000232339,0.0227559,0.0224634,
0.288329,0.0606934,0.534074,1.00281,0,0,0.482925,0,0,0,0,0.468288,0.540588,0.541214,0,0,0,0.188891,0.390245,0.291295,0.291295,0,0.132669,0.202435,0,0,0,0.000435674,0,0.0593329,0,0.619655,0,0,0,0.121921,0.0885466,0,0.0223536,0.230255,0,0.395101,0,0.372423,0.0351889,0,0.478235,0.00191262,0.0236861,0.0230582,
0.286706,0.0837296,0.515791,1.00237,0,0,0.478483,0,0,0,0,0.463836,0.543262,0.543884,0,0,0,0.194907,0.375351,0.295511,0.295511,0,0.133869,0.205397,0,0,0,0.00116435,0,0.0736149,0,0.612535,0,0,0,0.116119,0.0725599,0,0.0257104,0.245458,0,0.412688,0,0.368802,0.0191527,0,0.462997,0.0102577,0.0294786,0.0275184,
0.280869,0.0842173,0.520076,1.0024,0,0,0.476072,0,0,0,0,0.46142,0.546266,0.546888,0,0,0,0.238808,0.380686,0.296597,0.296597,0,0.135105,0.214046,0,0,0,0.000435674,0,0.0897295,0,0.606129,0,0,0,0.110001,0.0602277,0,0.0296674,0.253141,0,0.42524,0,0.360914,0.0065025,0,0.440433,0.0273475,0.0220251,0.0362952,
0.273084,0.0694471,0.539728,1.00272,0,0,0.477018,0,0,0,0,0.462368,0.549428,0.550055,0,0,2.1582e-05,0.265657,0.395939,0.285473,0.285473,0,0.135789,0.22284,0,0,0,2.283e-05,0,0.10207,0,0.60418,0,0,0,0.0973199,0.0526177,0,0.0213573,0.257824,0,0.437684,0,0.355674,0.00347935,0,0.412694,0.04772,0.0100806,0.0452725,
0.272049,0.0532347,0.58812,1.00306,0,0,0.479424,0,0,0,0,0.464779,0.550862,0.551495,0,0,0.000411859,0.273178,0.402921,0.284428,0.284428,0,0.133446,0.232724,0,0,0,0,0,0.112296,0,0.614097,0,0,0,0.0829746,0.0432915,0,0.0153589,0.266132,0,0.443934,0,0.349133,0.0108528,0,0.39203,0.0554139,0.00728749,0.0543662,
0.297127,0.0583955,0.716809,1.00367,0,0,0.481298,0,0,0,0,0.466658,0.549951,0.550585,0,0,0.00110069,0.260779,0.401369,0.292512,0.292512,0,0.128324,0.241079,0,0,0,0,0,0.119615,0,0.621907,0,0,0,0.0721034,0.0281683,0,0.0192836,0.267673,0,0.445221,0,0.349034,0.0234428,0,0.38721,0.0432351,0.00621773,0.0661389,
0.399137,0.108901,0.866483,1.00487,0,0,0.482107,0,0,0,0,0.467468,0.547188,0.547819,0,0,0.000411859,0.216939,0.377481,0.304693,0.304693,0,0.12403,0.241992,0,0,0,0,0,0.122094,0,0.623062,0,0,0,0.0636581,0.0168296,0,0.0237875,0.257437,0,0.438165,0,0.358123,0.0334046,0,0.394706,0.0271497,0.00180687,0.0780318,
0.479719,0.156218,0.977415,1.00607,0,0,0.481022,0,0,0,0,0.466381,0.547045,0.547675,0,0,4.99167e-05,0.228356,0.363098,0.307386,0.307386,0,0.128642,0.23829,0,0,0,0,0,0.122288,0,0.625126,0,0,0,0.0553234,0.0103801,0,0.019812,0.251327,0,0.429073,0,0.364172,0.0365631,0,0.391419,0.0295498,0.000121094,0.0799284,
0.48361,0.106487,0.99949,1.00685,0,0,0.478078,0,0,0.000763378,0,0.463431,0.545504,0.546128,0,0,0.000540726,0.234952,0.377976,0.302518,0.302518,0,0.132087,0.234182,0,0,0,0,0,0.12121,0,0.615899,0,0,0,0.0445631,0.00341862,0,0.0217344,0.243752,0,0.423162,0,0.351439,0.0360123,0,0.396396,0.025124,0.000920649,0.0819372,
0.432016,0.0305364,0.995987,1.00713,0,0,0.476964,0,0,0.01533,0,0.462314,0.541207,0.541825,0,0,0.00144516,0.226324,0.396987,0.293364,0.293364,0,0.1348,0.231016,0,0,0,0,0,0.104384,0,0.569497,0,0,0,0.0384745,0.000413047,0,0.0319918,0.216435,0,0.41926,0,0.307641,0.0233933,0,0.417907,0.00694514,0.0083767,0.0803319,
0.349465,0.00413963,0.976623,1.00698,0,0,0.480117,0,0,0.0734267,0,0.465475,0.534167,0.534781,0,0,0.000540726,0.212975,0.402453,0.303364,0.303364,0,0.141137,0.232688,0,0,0,0,0,0.0867561,0,0.435521,0,0,0,0.0240084,3.79312e-05,0,0.0330757,0.180995,0,0.420302,0,0.217572,0.0105241,0,0.445991,0.00034373,0.0256426,0.073978,
0.27533,0.000164477,0.942295,1.0074,0,0,0.48076,0,0,0.399289,0,0.466119,0.529736,0.530346,0,0,2.83346e-05,0.222251,0.412239,0.314427,0.314427,0,0.14803,0.235898,0,0,0,0,0,0.076948,0,0.293282,0,0,0,0.00679196,0.000615982,0,0.0228496,0.161729,0,0.423048,0,0.0892987,0.00230448,0,0.471673,0,0.035502,0.0687435,
0.23752,0,0.903493,1.00788,0,0,0.482621,0,0,0.457482,0,0.467984,0.527475,0.528084,0,0,0,0.239298,0.421918,0.31598,0.31598,0,0.156157,0.235539,0,0,0,0,0,0.0747908,0,0.189029,0,0,0,0.000678283,0.00476104,0,0.00872245,0.16732,0,0.419388,0,0.0170777,0.000108355,0,0.481418,0,0.0425788,0.0648793,
0.216752,0,0.868011,1.00823,0,0,0.486837,0,0,0.526355,0,0.47221,0.526591,0.527204,0,0,0,0.256662,0.432091,0.312327,0.312327,0,0.16212,0.231238,0,0,0,0,0,0.0732933,0,0.121187,0,0,0,2.11795e-05,0.0144839,0,0.00147004,0.182906,0,0.412012,0,0.00081313,0,0,0.47525,0,0.0413753,0.0682737,
0.202084,0,0.844074,1.00834,0,0,0.489299,0,0,0.605502,0,0.474678,0.525913,0.52653,0,0,5.23458e-05,0.247896,0.447221,0.309629,0.309629,0,0.16569,0.223872,0,0,0,0,0,0.0691135,0,0.0831751,0,0,0,7.38697e-05,0.0223939,0,0.0001823,0.196365,0,0.403515,0,0,1.85469e-05,0,0.465296,0,0.0283306,0.0762337,
0.17744,0,0.833306,1.00821,0,0,0.492312,0,0,0.686643,0,0.477698,0.524786,0.525405,0,0,0.000998996,0.24692,0.468046,0.310952,0.310952,0,0.172912,0.216195,0,0,0,0,0,0.062189,0,0.0604652,0,0,0,0.00146998,0.026091,0,0.00256912,0.209004,0,0.398674,0,0,0.000379492,0,0.458387,0,0.0132953,0.07687,
0.144525,0,0.82742,1.00802,0,0,0.496337,0,0,0.752471,0,0.481732,0.522474,0.523095,0,0,0.0026708,0.221255,0.471241,0.317776,0.317776,0,0.181992,0.209367,0,0,0,0,0,0.0582837,0,0.0403217,0,0,0,0.00491781,0.0242083,0,0.0121446,0.221938,0,0.403228,0,0,0.00158076,0,0.461666,0,0.00380402,0.0733693,
0.13244,0,0.817282,1.00757,0,0,0.498828,0,0,0.792186,0,0.48423,0.520491,0.521113,0,0,0.000998996,0.211,0.469721,0.320353,0.320353,0,0.185653,0.206614,0,0,0,0,0,0.056482,0,0.0205704,0,0,0,0.00447693,0.0224131,0,0.0257388,0.227586,0,0.406257,0,0,0.00454551,0,0.478063,3.27308e-06,0.00292003,0.0737408,
0.133848,0,0.805589,1.00765,0,0,0.502029,0,0,0.809885,0,0.487439,0.518986,0.51961,0,0,5.23458e-05,0.217606,0.466045,0.315985,0.315985,0,0.1874,0.206067,0,0,0,0,0,0.0556679,0,0.00471767,0,0,0,0.00122069,0.0275896,0,0.0339717,0.229044,0,0.399523,0,7.89226e-05,0.00951737,0,0.494445,6.24608e-05,0.00579498,0.0784044,
0.133017,0,0.802421,1.00789,0,0,0.505505,0,0,0.81864,0,0.490924,0.517847,0.518474,0,0,8.87571e-05,0.227489,0.469899,0.313096,0.313096,0,0.192325,0.210077,0,2.70578e-05,0,0,0,0.0562349,0,0.000224358,0,0,0,6.00896e-05,0.0386185,0,0.0277759,0.228495,0,0.396106,0,0.00162832,0.00681519,0,0.493375,0.000166914,0.0116854,0.0779222,
0.128911,0,0.808572,1.0077,0,0,0.507587,0,0,0.824005,0,0.493011,0.517104,0.517733,0,0,0.00169412,0.230376,0.47226,0.312246,0.312246,0,0.201963,0.211699,0,0.000516359,0,0,0,0.060399,0,9.64241e-06,0,0,0,3.75625e-05,0.0476877,0,0.0116,0.229984,0,0.394812,0,0.00648616,0.00171119,0,0.487005,6.24608e-05,0.0134294,0.0751622,
0.134108,0,0.810088,1.00794,0,0,0.50793,0,0,0.818311,0,0.493355,0.515593,0.51622,0,0,0.00453303,0.226256,0.47082,0.312675,0.312675,0,0.212296,0.208952,0,0.00138003,0,0,0,0.0659364,0,0.000184008,0,0,0,0.000716838,0.0482858,0,0.00326151,0.235388,0,0.395183,0,0.0101561,0.00175911,0,0.485811,3.27308e-06,0.0136771,0.0740821,
0.154254,0,0.770149,1.00742,0,0,0.507194,0,0,0.793386,0,0.492617,0.514096,0.514721,0,0,0.00169412,0.232935,0.468309,0.310593,0.310593,0,0.227253,0.2063,0,0.00057371,0,0,0,0.0615165,0,0.00049173,0,0,0,0.00191604,0.0469082,0,0.000657703,0.241746,0,0.385916,0,0.00914113,0.00821366,6.56419e-05,0.481462,1.13631e-05,0.0189006,0.0642291,
0.192354,0,0.657653,1.00555,0,0,0.506426,0,0,0.449761,0,0.491847,0.513505,0.514128,0,0,8.87571e-05,0.243175,0.476504,0.299629,0.299629,0,0.246359,0.202505,0,0.00112152,0,0,0,0.043728,0,0.000184008,0,0,0,0.000716838,0.050182,0,0.000951817,0.247257,0,0.360358,0,0.00334762,0.0189969,0.0012528,0.48319,0.000342728,0.0317508,0.0422649,
0.241145,0.000157892,0.549257,1.00415,0,0,0.505206,0,0,0.0633867,0,0.490625,0.513125,0.513746,0,0,0,0.253315,0.491828,0.283865,0.283865,0,0.262704,0.193289,0,0.00292629,0,0,0,0.0162519,0,9.64241e-06,0,0,0,3.75625e-05,0.0579206,0,0.00247012,0.241868,0,0.331113,0,0.000434812,0.0272294,0.0033502,0.463181,0.00306089,0.0394585,0.0227466,
0.288475,0.00328772,0.47937,1.00373,0,0,0.504351,0,0,0.0230638,0,0.489768,0.513073,0.513693,0,0,0,0.254516,0.489111,0.277703,0.277703,0,0.271681,0.187391,0,0.00109446,0,0,0,0.00354327,0,0,0,0,0,0,0.0721618,0,0.00101629,0.228783,0,0.328676,0,1.62025e-05,0.0230926,0.0012528,0.461299,0.00812858,0.0443266,0.00764759,
0.326235,0.0137255,0.433939,1.0036,0,0,0.504137,0,0,0.00399662,0,0.489553,0.513748,0.514369,0,0,0,0.24919,0.480449,0.282396,0.282396,0,0.270262,0.191829,0,5.73472e-05,0,0,0,0.00395352,0,0,0,0,0,0,0.0891342,0,0.00180985,0.220478,0,0.343523,0,0,0.0134156,6.56419e-05,0.489322,0.00636378,0.0500732,0.0018782,
0.347295,0.0251676,0.403626,1.00344,0,0,0.502945,0,0,0.000173171,0,0.488358,0.514906,0.515526,0,0,0,0.236263,0.47284,0.286306,0.286306,0,0.263274,0.196822,0,0,0,0,0,0.00624201,0,1.12421e-05,0,0,0,0.000110532,0.101565,0,0.0047136,0.215284,0,0.356152,0,0,0.00384588,0,0.515364,0.00167903,0.05869,0.00199453,
0.353235,0.0362271,0.384462,1.00345,0,0,0.502062,0,0,0,0,0.487473,0.515882,0.516502,0,0,0,0.224931,0.474981,0.286163,0.286163,0,0.265249,0.198878,0,0,0,0,0,0.00628946,0,0.000214535,0,0,0,0.00224975,0.10303,0,0.00176142,0.217091,0,0.35711,0,0,0.00163077,0,0.518576,0.00168942,0.0653628,0.000728543,
0.350678,0.0430687,0.370044,1.00351,0,0,0.501566,0,0,0,0,0.486975,0.516877,0.517498,0,0,0,0.217027,0.472544,0.289642,0.289642,0,0.270529,0.204165,0,0,0,0,0,0.00194616,0,0.00057331,0,0,0,0.00832071,0.106242,0,9.22815e-05,0.221118,0,0.361665,0,0,0.0005505,0,0.510756,0.0065309,0.0714498,3.81758e-05,
0.344078,0.0395119,0.361013,1.00363,0,0,0.501214,0,0,0,0,0.486622,0.518033,0.518655,0,0,0,0.221894,0.471948,0.294978,0.294978,0,0.274651,0.212595,0,0,0,0,0,0.000827637,0,0.000214535,0,0,0,0.00925842,0.111716,0,7.0025e-06,0.222951,0,0.371308,0,0,2.88468e-05,0,0.500581,0.0114107,0.0780433,0.000133076,
0.334941,0.0383475,0.358665,1.00353,0,0,0.50084,0,0,0,0,0.486247,0.519434,0.520057,0,0,0,0.21931,0.484982,0.299078,0.299078,0,0.278947,0.221595,0,0,0,2.36141e-05,0,0.00397847,0,3.26949e-05,0,0,0,0.0028593,0.118368,0,0.00013363,0.220791,0,0.383493,0,8.81786e-05,0,0,0.487053,0.0164873,0.0837935,0.0026217,
0.32877,0.041015,0.358409,1.00349,0,0,0.50016,0,0,0,0,0.485565,0.520507,0.521131,0,0,0,0.217962,0.488777,0.300503,0.30048,0,0.280998,0.224199,0,0,0,0.000536396,0,0.00690778,0,0.000409393,0,0,0,0.00184322,0.11819,0,0.000357101,0.216473,0,0.392622,0,0.00172781,0,0,0.463236,0.0210888,0.0832712,0.00835249,
0.325276,0.0403999,0.359583,1.00353,0,0,0.499873,0,0,0,0,0.485277,0.521969,0.522594,0,0,0,0.224588,0.49097,0.295927,0.295483,0,0.285327,0.218318,0,0,0,0.00284181,0,0.00248573,0,0.0010941,0,0,0,0.00691154,0.121183,0,0.00013363,0.212572,0,0.39965,0,0.00541807,0,0,0.442747,0.0225344,0.0791967,0.00667677,
0.319585,0.0305962,0.36325,1.00339,0,0,0.499395,0,0,0,0,0.484799,0.523943,0.524569,0,0,0,0.237348,0.483815,0.291126,0.289935,0,0.29266,0.209653,0,0,0,0.00482924,0,0.0022474,0,0.000409393,0,0,0,0.0110432,0.13289,0,7.0025e-06,0.206544,0,0.413785,0,0.00514319,0,0,0.425522,0.0294532,0.077848,0.00174826,
0.314282,0.0196416,0.372918,1.00355,0,0,0.498542,0,0,0,0,0.483943,0.525725,0.526353,0,0,2.48427e-05,0.234391,0.4817,0.289955,0.28951,0,0.299838,0.200979,0,0,0,0.00166034,0,0.00906132,0,2.14528e-05,0,0,0,0.0109785,0.139803,0,0,0.200564,0,0.423577,0,0.00410459,0,0,0.414487,0.0315984,0.0786997,0.00158222,
0.310334,0.0189814,0.383396,1.00394,0,0,0.497352,0,0,0,0,0.48275,0.526787,0.527414,0,0,0.000474084,0.216656,0.485848,0.286967,0.286944,0,0.303283,0.192862,0,0,0,8.57514e-05,0,0.0181588,0,0,0,0,0,0.00718015,0.141894,0,1.07724e-05,0.191364,0,0.43038,0,0.0012703,0,0,0.410002,0.0171535,0.080974,0.00670213,
0.309341,0.0247786,0.392227,1.00405,0,0,0.49644,0,0,0,0,0.481836,0.527247,0.527874,0,0,0.00126702,0.221642,0.491411,0.289105,0.289105,0,0.305443,0.189704,0,0,0,0,0,0.0295636,0,0,0,0,0,0.00183958,0.142823,0,0.000205572,0.188091,0,0.436588,0,8.01997e-05,0,0,0.400805,0.00366376,0.0809834,0.0118159,
0.307968,0.0248274,0.405604,1.00394,0,0,0.496316,0,0,0,0,0.481711,0.527822,0.528449,0,0,0.000586202,0.237001,0.493849,0.292103,0.292103,0,0.308027,0.190748,0,2.7304e-05,0,0,0,0.0372804,0,0,0,0,0,8.96122e-05,0.14665,0,0.000549358,0.187866,0,0.440853,0,9.74024e-07,5.92671e-05,0,0.400799,0.000169953,0.0796543,0.0098592,
0.306944,0.0176893,0.424814,1.00386,0,0,0.497459,0,0,0,0,0.482857,0.528985,0.529616,0,0,0.00223408,0.252868,0.497243,0.285891,0.285891,0,0.311109,0.190733,0,0.000521058,0,0,0,0.0348656,0,0,0,0,0,0,0.158403,0,0.000205572,0.186392,0,0.438209,0,0,0.00113396,0,0.416803,0,0.0805811,0.00405297,
0.312647,0.013363,0.444756,1.00389,0,0,0.49878,0,0,0,0,0.484182,0.529826,0.530459,0,0,0.00705532,0.261165,0.499648,0.278028,0.278028,0,0.313143,0.191171,0,0.00139259,0,0,0,0.0326643,0,0.000291122,0,0,0,0,0.161679,0,1.07724e-05,0.189186,0,0.434667,0,0.000115317,0.00310876,0,0.419448,0,0.0852503,0.00745815,
0.317499,0.0145162,0.459865,1.00388,0,0,0.499862,0,0,0,0,0.485266,0.530148,0.530783,0,0,0.00579585,0.259573,0.493685,0.274315,0.274315,0,0.313553,0.189876,0,0.000521058,0,0,0,0.037991,0,0.00651915,0,0,0,0,0.161021,0,7.21097e-05,0.196786,0,0.427421,0,0.00281665,0.00252482,0,0.409633,0,0.0947102,0.0165221,
0.323586,0.0200131,0.470606,1.00386,0,0,0.501021,0,0,0,0,0.486428,0.53007,0.530706,0,0,0.00188497,0.256841,0.484178,0.278272,0.278272,0,0.31256,0.182456,0,2.7304e-05,0,0,0,0.0456238,0,0.0365014,0,0,0,0.000288968,0.165728,0,0.00137627,0.213659,0,0.391739,0,0.0192261,0.0156927,0,0.403325,0,0.10733,0.0205108,
0.33548,0.0261492,0.4804,1.00364,0,0,0.502152,0,0,0,0,0.487561,0.529865,0.530502,0,0,0.000555494,0.253227,0.479363,0.281603,0.281603,0,0.313477,0.175799,0,0,0,0,0,0.0483037,0,0.100596,0,0,0,0.0061399,0.172968,0,0.00368093,0.241559,3.38187e-05,0.318047,0,0.0667491,0.0586726,0,0.402207,0,0.121436,0.0179592,
0.341746,0.0306227,0.492712,1.0036,0,0,0.503694,0,0,0,0,0.489108,0.53045,0.53109,0,0,0.000180889,0.242456,0.470484,0.285883,0.285883,0,0.313969,0.174239,0,0,0,0,0,0.0412154,0,0.168447,0,0,0,0.0279005,0.177729,0,0.00140488,0.25959,0.000645388,0.294119,0,0.147253,0.0873302,0,0.402788,0,0.138796,0.00867307,
0.338861,0.0359134,0.508558,1.00351,0,0,0.506498,0,0,0,0,0.491918,0.532806,0.533452,0,0,0.000711247,0.236134,0.467865,0.299764,0.299764,0,0.313868,0.176909,0,0,0,0,0,0.0439117,0,0.2101,0,0,0,0.0543629,0.175582,0,0.000617898,0.268804,0.00172499,0.315648,0,0.215726,0.095173,0,0.407542,0,0.142915,0.00174936,
0.340869,0.0455004,0.522653,1.00337,0,0,0.509008,0,0,0,0,0.494434,0.534734,0.535386,0,0,0.00188178,0.250866,0.468808,0.318862,0.318862,0,0.312263,0.18521,0,0,0,0,0,0.0667678,0,0.220414,0,0,0,0.0697947,0.166345,0,0.00145869,0.273009,0.000645388,0.354705,0,0.248833,0.0971831,0,0.395986,0.000175561,0.130976,0.000175325,
0.346096,0.0592506,0.529578,1.00315,0,0,0.510092,0,0,0,0,0.495521,0.535765,0.53642,0,0,0.000704025,0.264968,0.467603,0.333625,0.333625,0,0.310976,0.194917,0,0,0,0,0,0.100075,0,0.221689,0,0,0,0.0776989,0.152653,0,0.000545783,0.276853,3.38187e-05,0.390685,0,0.282007,0.0985789,0,0.382198,0.00373761,0.110043,0.00025631,
0.353093,0.0753683,0.510716,1.00282,0,0,0.509581,0,0,0,0,0.495009,0.536072,0.536726,0.000321999,0,3.68911e-05,0.264724,0.460964,0.336107,0.336107,0,0.311278,0.201635,0,0,0,0,0,0.125638,0,0.23426,0,0,0,0.0854588,0.140556,0,2.85996e-05,0.280262,0,0.412639,0,0.329354,0.096871,0,0.381415,0.0166134,0.0847199,9.59136e-05,
0.381342,0.0947175,0.420902,1.00263,0,0,0.505495,0,0,0,0,0.490912,0.539675,0.540329,0.00616198,0,0,0.235491,0.455373,0.333019,0.333019,0,0.314368,0.205277,0,0,0,0,0,0.139747,0,0.256278,0,0,0,0.0882509,0.136377,0,0.000124115,0.285329,8.61798e-05,0.421201,0,0.381619,0.0888236,0,0.404932,0.0266641,0.0653745,5.02608e-06,
0.458612,0.109543,0.318981,1.00244,0,0,0.496109,0,0,0,0,0.481503,0.550257,0.550911,0.0167564,0,0,0.0496663,0.456781,0.346185,0.346185,0,0.321506,0.213708,0,0,0,0,0,0.154413,0,0.282179,0,0,0,0.0878374,0.141208,0,0.00248374,0.297587,0.00164491,0.423925,0,0.430248,0.081103,0,0.504314,0.019019,0.0538679,0,
0.450661,0.108968,0.285145,1.00252,0,0,0.493182,0,0,0,0,0.478569,0.5547,0.555356,0.00616198,0,0,0.109242,0.464098,0.349885,0.349885,0,0.32747,0.2233,0,0,0,0,0,0.169963,0,0.317175,0,0,0,0.0907087,0.135216,0,0.00861508,0.312611,0.00440102,0.425624,0,0.460103,0.0798504,0,0.566875,0.0126927,0.0426542,4.77373e-05,
0.422311,0.106597,0.272382,1.00274,0,0,0.496049,0,0,0,0,0.481442,0.549982,0.550636,0.000321999,0,0,0.165267,0.462501,0.336959,0.336959,0,0.324972,0.225596,0,0,0,0,0,0.174935,0,0.359874,0,0,0,0.0924556,0.120154,0,0.0100812,0.326493,0.00164491,0.423648,0,0.470597,0.0767845,0,0.57955,0.00689109,0.0346834,0.000911034,
0.406035,0.111294,0.260651,1.00273,0,0,0.503718,0,0,0,0,0.489131,0.540225,0.540877,0,0,0,0.178714,0.447118,0.340528,0.340437,0,0.314538,0.228255,0,0,0,0.000209726,0,0.180147,0,0.399132,0,0,0,0.0968327,0.103734,0,0.0111954,0.32952,8.61798e-05,0.427218,0,0.468025,0.0744347,0,0.571652,0.00260031,0.0310887,0.00243545,
0.399007,0.114694,0.251232,1.00261,0,0,0.504436,0,0,0,0,0.48985,0.537104,0.537754,0,0,0,0.181763,0.434445,0.347656,0.345961,0,0.301029,0.236053,0,0,0,0.00400692,0,0.187187,0,0.444385,0,0,0,0.110426,0.0876238,0,0.0163307,0.321586,0,0.435189,0,0.470192,0.0651818,0,0.563005,0.00614571,0.0329569,0.000936677,
0.395152,0.115387,0.242229,1.00259,0,0,0.503409,0,0,0,0,0.48882,0.537613,0.538261,0,0,0,0.190507,0.432208,0.340303,0.335636,0,0.283979,0.240864,0,0,0,0.0107859,0,0.185553,0,0.487907,0,0,0,0.126258,0.0836597,0,0.0127741,0.308991,0,0.437194,0,0.483404,0.0372555,0,0.547427,0.0120992,0.0323604,0.000537066,
0.394701,0.122722,0.225642,1.00242,0,0,0.50352,0,0,0,0,0.488931,0.53756,0.538209,0,0,0,0.191522,0.423187,0.34153,0.339806,0,0.26625,0.240329,0,0,0,0.00400692,0,0.182122,0,0.514188,0,0,0,0.138381,0.0732638,0,0.00438369,0.293315,0,0.429752,0,0.497639,0.020717,0,0.533192,0.0102313,0.020112,0.00130776,
0.398562,0.137348,0.202075,1.0023,0,0,0.50363,0,0,0,0,0.489041,0.537959,0.538608,0,0,0,0.190939,0.419853,0.351667,0.351578,0,0.256751,0.240451,0,0,0,0.000273486,0,0.17914,0,0.530957,0,0,0,0.141852,0.0554509,0,0.000606028,0.280364,2.21303e-05,0.422753,0,0.503164,0.0194294,0,0.531438,0.0220427,0.00487723,0.000489326,
0.401106,0.153079,0.177615,1.0023,0,0,0.503725,0,0,0,0,0.489136,0.538787,0.539438,0,0,1.69094e-05,0.195042,0.421172,0.358201,0.358201,0,0.251766,0.246747,0,0,0,0.00121678,0,0.178498,0,0.549032,0,0,0,0.147446,0.0428103,0,7.64936e-05,0.270869,0.000422321,0.422421,0,0.498419,0.0194898,0,0.544064,0.0542912,0.000235877,7.9486e-05,
0.398175,0.157693,0.155759,1.00228,0,0,0.503947,0,0,0,0,0.489359,0.539695,0.540347,0,0,0.000322687,0.198913,0.42467,0.3517,0.3517,0,0.244162,0.249564,0,0,0,0.00325375,0,0.177042,0,0.565373,0,0,0,0.158681,0.0346036,0,0.00108864,0.257408,0.00112865,0.425038,0,0.488112,0.00890112,0,0.556334,0.0902574,8.58473e-08,0.00103414,
0.389647,0.156305,0.14137,1.00229,0,0,0.50418,0,0,0,0,0.489593,0.540338,0.54099,0,0,0.000862353,0.199911,0.431476,0.351705,0.351554,0,0.234935,0.2534,0,3.35437e-05,0,0.00135043,0,0.181653,0,0.582423,0,0,0,0.168541,0.0240073,0,0.00423177,0.250508,0.000422321,0.425084,0,0.481443,0.00851084,0,0.548515,0.104705,7.47828e-05,0.00287194,
0.378607,0.15263,0.138872,1.00246,0,0,0.504316,0,0,0,0,0.489729,0.540766,0.541419,0,0,0.000322687,0.196897,0.437911,0.346604,0.343586,0,0.220927,0.257237,0,0.000640139,0,0.00282484,0,0.186041,0,0.5995,0,0,0,0.17656,0.015383,0,0.00511558,0.250055,2.21303e-05,0.427233,0,0.477604,0.012821,0,0.531146,0.0991192,0.00159198,0.00138348,
0.370136,0.142255,0.152954,1.00261,0,0,0.502615,0,0,0,0,0.488024,0.541416,0.542068,0,0,1.69094e-05,0.199271,0.442899,0.317684,0.305856,0,0.203316,0.251437,0,0.00171095,0,0.0112738,0,0.174743,0,0.617331,0,0,0,0.189958,0.0124358,0,0.00158834,0.249874,0,0.429924,0,0.488454,0.00436027,0,0.509629,0.073401,0.00721355,0.000611265,
0.364683,0.127851,0.187064,1.00283,0,0,0.498273,0,0,0,0,0.483672,0.542897,0.543545,0,0,0.000127632,0.200802,0.452088,0.284174,0.271639,0,0.18355,0.237117,0,0.000640139,0,0.0212577,0,0.145074,0,0.618222,0,0,0,0.200734,0.0140435,0,8.04496e-05,0.248757,0,0.434239,0,0.504607,0.000235075,0,0.501326,0.0309276,0.0152938,0.0011631,
0.356155,0.115563,0.238121,1.0031,0,0,0.499298,0,0,0,0,0.484699,0.544175,0.544826,0,0,0.00251569,0.218629,0.461284,0.262843,0.256513,0,0.169075,0.222666,0,3.35437e-05,0,0.0269419,0,0.0995718,0,0.584386,0,0,0,0.206462,0.0185118,0,0,0.241416,0,0.443682,0,0.489622,0.000195417,0,0.491362,0.00581938,0.031451,0.000432763,
0.349354,0.10806,0.309299,1.00328,0,0,0.502246,0,0,0,0,0.487654,0.544376,0.545031,0,0,0.00809327,0.248642,0.462137,0.257941,0.255696,0,0.162772,0.215947,0,0,0,0.0152465,0,0.0546881,0,0.476328,0,0,0,0.192084,0.0243329,0,0,0.22651,0,0.460538,0,0.39575,0.000698137,0,0.476132,0.000262431,0.0713243,2.72689e-05,
0.357831,0.0954253,0.477267,1.00361,0,0,0.503415,0,0,0,0,0.488826,0.543236,0.543891,0,0,0.0075905,0.264212,0.454723,0.250769,0.248199,0,0.161825,0.215,0,0,0,0.0104428,0,0.0131446,0,0.300508,0,0,0,0.157343,0.0406833,0,0,0.210818,0,0.466347,0,0.248409,0.00386305,0,0.448664,0,0.114088,8.7619e-05,
0.386169,0.0643425,0.646535,1.00415,0,0,0.503895,0,0,0.00016408,0,0.489308,0.540879,0.541533,0,0,0.00462973,0.254416,0.445138,0.251382,0.250448,0,0.16773,0.218975,0,0,0,0.00325358,0,0.00154138,0,0.189047,0,0,0,0.110566,0.0659956,0,0.000213796,0.212782,0,0.431175,0,0.087936,0.0153173,0,0.42609,0,0.135231,0.000314083,
0.388967,0.0262137,0.687293,1.00428,0,0,0.504513,0,0,0.00369498,0,0.489927,0.53871,0.539362,0,0,0.00119878,0.242378,0.436206,0.260409,0.260361,0,0.173714,0.228009,0,0,0,0.000166206,0,0.0042087,0,0.134587,0,0,0,0.0766065,0.0860417,0,0.00435903,0.220781,0,0.405171,0,0.0167726,0.0258468,0,0.415773,0,0.143081,0.00178097,
0.382135,0.00495043,0.704893,1.00419,0,0,0.505849,0,0,0.0203048,0,0.491266,0.538391,0.539044,0,0,9.75208e-05,0.227923,0.428151,0.267995,0.267995,0,0.167791,0.235856,0,0,0,0,0,0.0115433,0,0.0956992,0,0,0,0.051346,0.0928472,0,0.0164676,0.22156,0,0.394948,0,0.000895249,0.0278211,0,0.413406,7.92773e-06,0.139018,0.00757736,
0.367164,0.000223146,0.715413,1.00441,0,0,0.508067,0,0,0.0521043,0,0.493489,0.540167,0.540825,0,0,0.000772693,0.21444,0.433294,0.268356,0.268356,0,0.157273,0.239942,0,0,0,0,0,0.0185336,0,0.0655792,0,0,0,0.0313845,0.0892191,0,0.0224078,0.215141,0,0.394639,0,0.000520886,0.0216038,0,0.416493,0.000151286,0.127422,0.0159134,
0.349683,0,0.716562,1.00469,0,0,0.510113,0,0,0.0835546,0,0.49554,0.541351,0.542013,0,0,0.00258019,0.218054,0.437835,0.262958,0.262958,0,0.154719,0.240672,0,0,0,0,0,0.0193339,0,0.0492704,0,0,0,0.0203221,0.0761325,0,0.0209993,0.212499,0,0.394981,0,0.00138138,0.011904,0,0.40413,0.000404285,0.113552,0.0260763,
0.337838,0,0.707278,1.00487,0,0,0.511883,0,0,0.108236,0,0.497315,0.541138,0.541802,0,0,0.00234152,0.209927,0.440564,0.258555,0.258555,0,0.15339,0.237799,0,5.68532e-05,0,0,0,0.0175292,0,0.0311541,0,0,0,0.0119389,0.0615482,0,0.0195201,0.2087,0,0.395582,0,0.000561849,0.00568305,0,0.390379,0.000151286,0.0937004,0.0385399,
0.334604,0,0.693489,1.00506,0,0,0.513543,0,0,0.129626,0,0.498979,0.540539,0.541204,0,0,0.000669904,0.2006,0.447901,0.252346,0.252334,0,0.15178,0.229516,0,0.00116402,0,9.9581e-05,0,0.0120658,0,0.0124995,0,0,0,0.0080848,0.0548857,0,0.012502,0.204734,0,0.396135,0,0.0008855,0.00136992,0,0.382289,7.92773e-06,0.069426,0.0534565,
0.338456,0,0.69579,1.00562,0,0,0.515037,0,0,0.170407,0,0.500477,0.539926,0.540593,0,0,0.000735126,0.209126,0.455567,0.246943,0.246724,0,0.152453,0.222542,0,0.00447563,0,0.00190082,0,0.003962,0,0.00326532,0,0,0,0.00790549,0.0566896,0,0.00534546,0.202444,0,0.396988,0,0.00236693,0.000152698,0,0.384847,0,0.053848,0.0625038,
0.32461,0,0.7324,1.00643,0,0,0.517055,0,0,0.274511,0,0.5025,0.538625,0.539293,0,0,0.00329246,0.239332,0.461444,0.241464,0.240877,0,0.15914,0.216548,0,0.00647747,0,0.00508781,0,0.000593679,0,0.000500527,0,0,0,0.00791603,0.0604756,0,0.00114156,0.198928,0,0.395974,0,0.00227491,0.00194807,0,0.390503,0,0.0475661,0.0631876,
0.23322,0,0.78337,1.00741,0,0,0.519453,0,0,0.475616,0,0.504905,0.535484,0.536151,0,0,0.00500596,0.234875,0.459697,0.239625,0.239406,0,0.17577,0.213518,0,0.00674181,0,0.00190082,0,0.000296343,0,2.11754e-05,0,0,0,0.00807352,0.0577639,0,0.000437785,0.202352,0,0.384678,0,0.0044637,0.0104467,0,0.402563,5.58128e-05,0.0465787,0.0651041,
0.186155,0,0.822962,1.00807,0,0,0.520678,0,0,0.65914,0,0.506132,0.532456,0.533121,0,0,0.00167269,0.22335,0.455223,0.23969,0.239679,0,0.197012,0.21527,0,0.00612965,0,9.9581e-05,0,0.000183099,0,0,0,0,0,0.00744845,0.0551347,0,0.00103081,0.206941,0,0.361677,0,0.00334014,0.0236665,0,0.429919,0.00106517,0.0481437,0.0629835,
0.153903,0,0.844644,1.00799,0,0,0.52145,0,0,0.702093,0,0.506906,0.528924,0.529585,0,0,8.59389e-05,0.242733,0.452209,0.244769,0.244769,0,0.214343,0.218875,0,0.00185403,0,0,0,0.00166276,0,0,0,0,0,0.00554403,0.0532087,0,0.000474135,0.206194,0,0.354654,0,0.000806103,0.0282372,0,0.438092,0.00297133,0.0481017,0.0539126,
0.132803,0,0.859072,1.00744,0,0,0.522261,0,0,0.729956,0,0.50772,0.524111,0.524767,0,0,0,0.264737,0.448818,0.254587,0.254587,0,0.224394,0.225775,0,9.46922e-05,0,0,0,0.00700486,0,0,0,0,0,0.00635585,0.0517403,0,0.00172676,0.205111,0,0.36271,0,3.88832e-05,0.0232158,0,0.436122,0.0034563,0.049722,0.0431778,
0.116274,0,0.869508,1.00733,0,0,0.522551,0,0,0.751502,0,0.50801,0.520146,0.520798,0,0,0,0.270505,0.43875,0.263084,0.263084,0,0.226943,0.230732,0,0,0,0,0,0.0118787,0,0,0,0,0,0.00925093,0.050648,0,0.00579042,0.205578,0,0.371689,0,0,0.0165402,0,0.432055,0.00815194,0.0499628,0.0383645,
